link;source;created;lastSeen
http://www.dr.dk/event/melodigrandprix/nyheder/analyse-her-er-tre-grunde-til-danmark-roeg-ud-af-eurovision;https://www.facebook.com/DRNyheder/;13/05/16 07:35;14/05/16 07:05
http://www.dr.dk/event/melodigrandprix/nyheder/choksejr-ukraine-vinder-eurovision-2016;https://www.facebook.com/DRNyheder/;14/05/16 22:55;16/05/16 08:15
http://www.dr.dk/event/melodigrandprix/nyheder/download-hent-din-stemmeseddel-til-eurovision-finalen;https://www.facebook.com/DRNyheder/;14/05/16 09:35;15/05/16 13:15
http://www.dr.dk/event/melodigrandprix/nyheder/guide-alt-du-skal-vide-om-2-eurovision-semifinale;https://www.facebook.com/DRNyheder/;12/05/16 16:55;13/05/16 13:35
http://www.dr.dk/event/melodigrandprix/nyheder/hilda-heick-gav-forkerte-stemmer-med-eurovision;https://www.facebook.com/DRNyheder/;15/05/16 09:05;16/05/16 11:15
http://www.dr.dk/event/melodigrandprix/nyheder/homoballade-og-buh-raab-i-aften-er-grand-prixets-problembarn;https://www.facebook.com/DRNyheder/;14/05/16 18:05;16/05/16 07:45
http://www.dr.dk/event/melodigrandprix/nyheder/justin-timberlake-skal-spille-til-eurovision-finalen;https://www.facebook.com/DRNyheder/;09/05/16 13:45;10/05/16 09:25
http://www.dr.dk/event/melodigrandprix/nyheder/kontroversiel-grand-prix-vinder-sang-om-krim-handler-ogsaa-om-i-dag;https://www.facebook.com/DRNyheder/;15/05/16 07:05;16/05/16 09:15
http://www.dr.dk/event/melodigrandprix/nyheder/nedtur-danmark-ude-af-grand-prix-igen;https://www.facebook.com/DRNyheder/;12/05/16 21:35;13/05/16 17:05
http://www.dr.dk/event/melodigrandprix/nyheder/norden-ydmyget-her-er-de-10-foerste-eurovision-finalister;https://www.facebook.com/DRNyheder/;10/05/16 21:25;11/05/16 16:05
http://www.dr.dk/event/melodigrandprix/nyheder/nu-spaar-bookmakerne-danmark-finaleplads-i-eurovision;https://www.facebook.com/DRNyheder/;05/05/16 17:45;06/05/16 19:35
http://www.dr.dk/event/melodigrandprix/videoer/video-her-saetter-eurovision-spot-paa-flygtningekrisen;https://www.facebook.com/DRNyheder/;11/05/16 06:35;11/05/16 18:35
http://www.dr.dk/levnu/boern/19-aarige-helena-droemmer-om-et-gymnasium-hvor-man-moeder-klokken-10;https://www.facebook.com/DRNyheder/;27/05/16 16:05;28/05/16 12:35
http://www.dr.dk/levnu/boern/brevkasse-kan-jeg-presse-lege-aftaler-ned-over-hovedet-paa-min-soen;https://www.facebook.com/DRNyheder/;09/05/16 13:25;10/05/16 08:45
http://www.dr.dk/levnu/boern/brevkasse-kan-skolen-virkelig-tvinge-et-barn-til-faellesbad-noegen;https://www.facebook.com/DRNyheder/;13/05/16 09:55;14/05/16 09:25
http://www.dr.dk/levnu/boern/dansk-foedselsapp-redder-liv-i-u-landene;https://www.facebook.com/DRNyheder/;18/05/16 21:15;19/05/16 16:15
http://www.dr.dk/levnu/boern/din-placering-i-soeskende-flokken-former-dig;https://www.facebook.com/DRNyheder/;21/05/16 07:25;22/05/16 08:05
http://www.dr.dk/levnu/boern/faa-foraeldre-ved-hvad-deres-teenagere-laver-paa-internettet;https://www.facebook.com/DRNyheder/;25/05/16 04:45;25/05/16 16:25
http://www.dr.dk/levnu/boern/grafik-den-digitale-teenager-tilbringer-seks-timer-om-dagen-foran-skaermen;https://www.facebook.com/DRNyheder/;26/05/16 18:35;27/05/16 13:55
http://www.dr.dk/levnu/fritid/brug-naturen-som-fitness-center-0;https://www.facebook.com/DRNyheder/;28/05/16 08:35;29/05/16 10:05
http://www.dr.dk/levnu/fritid/gadeidraet-boomer-parkour-anlaeg-vinder-frem-i-de-stoerre-byer;https://www.facebook.com/DRNyheder/;01/05/16 11:05;02/05/16 11:35
http://www.dr.dk/levnu/fritid/saadan-undgaar-du-ni-almindelige-fejl-til-maraton;https://www.facebook.com/DRNyheder/;21/05/16 12:15;22/05/16 12:15
http://www.dr.dk/levnu/krop/billeder-se-dr-vaerter-som-teenagere;https://www.facebook.com/DRNyheder/;30/05/16 09:55;31/05/16 05:55
http://www.dr.dk/levnu/krop/brevkasse-duer-naturens-egen-penicillin;https://www.facebook.com/DRNyheder/;20/05/16 11:25;21/05/16 13:05
http://www.dr.dk/levnu/krop/brevkasse-hvorfor-faar-jeg-migraene-af-moerk-chokolade;https://www.facebook.com/DRNyheder/;30/05/16 18:45;31/05/16 13:25
http://www.dr.dk/levnu/krop/din-hud-vil-aldrig-glemme-en-solskoldning;https://www.facebook.com/DRNyheder/;04/05/16 19:25;06/05/16 06:35
http://www.dr.dk/levnu/krop/forsker-bo-i-den-taette-hvis-du-vil-vaere-sund;https://www.facebook.com/DRNyheder/;13/05/16 05:35;13/05/16 18:15
http://www.dr.dk/levnu/krop/professor-om-nyt-bmi-studie-nu-skal-folk-ikke-bare-spise-loes;https://www.facebook.com/DRNyheder/;11/05/16 10:35;12/05/16 05:45
http://www.dr.dk/levnu/krop/saadan-faar-du-et-bedre-liv-med-hedeture-i-overgangsalderen;https://www.facebook.com/DRNyheder/;24/05/16 20:05;25/05/16 15:55
http://www.dr.dk/levnu/krop/saadan-vaelger-du-den-rigtige-tandlaege;https://www.facebook.com/DRNyheder/;13/05/16 14:45;14/05/16 17:55
http://www.dr.dk/levnu/krop/stor-tabel-se-om-dit-bmi-er-27;https://www.facebook.com/DRNyheder/;11/05/16 17:15;12/05/16 12:05
http://www.dr.dk/levnu/krop/thue-gik-ikke-til-laegen-med-allergi-nu-goer-hans-boern-ham-syg;https://www.facebook.com/DRNyheder/;17/05/16 19:05;18/05/16 17:35
http://www.dr.dk/levnu/krop/video-her-er-de-steder-paa-kroppen-hvor-vi-glemmer-solcremen;https://www.facebook.com/DRNyheder/;03/05/16 19:05;04/05/16 16:45
http://www.dr.dk/levnu/mad/danske-aebler-er-stadig-fuld-af-c-vitamin;https://www.facebook.com/DRNyheder/;25/05/16 06:15;25/05/16 18:35
http://www.dr.dk/levnu/mad/seks-raad-til-spise-mere-baeredygtigt;https://www.facebook.com/DRNyheder/;16/05/16 11:25;17/05/16 11:25
http://www.dr.dk/levnu/mad/spar-penge-og-fedt-paa-hjemmelavede-ovn-kartofler;https://www.facebook.com/DRNyheder/;03/05/16 18:05;04/05/16 15:55
http://www.dr.dk/levnu/mad/stegt-bacon-er-en-kaempe-aromabombe;https://www.facebook.com/DRNyheder/;05/05/16 11:05;06/05/16 13:25
http://www.dr.dk/levnu/mad/tidens-kagetendens-pynt-og-mere-pynt#!/;https://www.facebook.com/DRNyheder/;28/05/16 11:45;29/05/16 13:25
http://www.dr.dk/levnu/mad/video-150-maend-spiser-sig-gennem-200-kilo-stegt-flaesk#!/00:28;https://www.facebook.com/DRNyheder/;04/05/16 17:55;05/05/16 17:35
http://www.dr.dk/levnu/om-faa-aar-koeber-koeleskabet-selv-ind;https://www.facebook.com/DRNyheder/;08/05/16 10:55;09/05/16 10:25
http://www.dr.dk/levnu/psykologi/12-aar-efter-mors-doed-sofie-er-stadig-vred-paa-sin-far;https://www.facebook.com/DRNyheder/;02/05/16 14:05;03/05/16 11:45
http://www.dr.dk/levnu/psykologi/aldrig-sent-psykologen-vi-skal-turde-tage-familie-konflikterne;https://www.facebook.com/DRNyheder/;31/05/16 17:15;01/06/16 11:35
http://www.dr.dk/levnu/psykologi/ansatte-paa-hospice-berigende-arbejde-blandt-doeende;https://www.facebook.com/DRNyheder/;29/05/16 13:05;30/05/16 10:55
http://www.dr.dk/levnu/psykologi/christina-broed-kontakten-til-sin-far-efter-hunden-loeb-bort#!/00:24;https://www.facebook.com/DRNyheder/;17/05/16 18:05;18/05/16 16:35
http://www.dr.dk/levnu/psykologi/de-mistede-deres-lille-soen-sociale-medier-er-en-ventil-i-sorgen;https://www.facebook.com/DRNyheder/;18/05/16 10:05;19/05/16 04:55
http://www.dr.dk/levnu/psykologi/din-medbragte-ret-til-skolefesten-viser-din-sociale-klasse;https://www.facebook.com/DRNyheder/;04/05/16 20:25;06/05/16 07:35
http://www.dr.dk/levnu/psykologi/her-er-tegnene-paa-demens;https://www.facebook.com/DRNyheder/;09/05/16 09:15;10/05/16 04:55
http://www.dr.dk/levnu/psykologi/hyldes-alle-steder-candace-har-faaet-150-millioner-mennesker-til-grine;https://www.facebook.com/DRNyheder/;27/05/16 10:35;28/05/16 06:55
http://www.dr.dk/levnu/psykologi/jens-fortryder-han-svigtede-sine-boern-da-deres-mor-doede;https://www.facebook.com/DRNyheder/;09/05/16 18:55;10/05/16 15:25
http://www.dr.dk/levnu/psykologi/kirsten-skal-snart-doe-jeg-har-forberedt-min-bisaettelse-og-nyder-livet;https://www.facebook.com/DRNyheder/;29/05/16 08:55;30/05/16 06:55
http://www.dr.dk/levnu/psykologi/kraeftens-bekaempelse-efterlyser-mere-hjaelp-til-soergende-boern;https://www.facebook.com/DRNyheder/;08/05/16 07:55;09/05/16 07:45
http://www.dr.dk/levnu/psykologi/kristian-fik-lykkepiller-da-hans-far-doede-det-var-helt-skaevt;https://www.facebook.com/DRNyheder/;12/05/16 13:35;13/05/16 10:15
http://www.dr.dk/levnu/psykologi/mikkel-har-tilgivet-sin-far-seksuelle-overgreb;https://www.facebook.com/DRNyheder/;20/05/16 13:15;21/05/16 15:25
http://www.dr.dk/levnu/psykologi/ny-bog-stress-skal-arbejdes-vaek;https://www.facebook.com/DRNyheder/;10/05/16 14:55;11/05/16 10:25
http://www.dr.dk/levnu/psykologi/paaroerende-bliver-fysisk-og-psykisk-paavirket-af-hjaelpe;https://www.facebook.com/DRNyheder/;27/05/16 13:35;28/05/16 10:15
http://www.dr.dk/levnu/psykologi/psykolog-der-findes-ogsaa-god-ensomhed;https://www.facebook.com/DRNyheder/;23/05/16 16:05;24/05/16 14:55
http://www.dr.dk/levnu/psykologi/video-otteogfirs-og-frygtloes#!/;https://www.facebook.com/DRNyheder/;21/05/16 12:45;22/05/16 13:15
http://www.dr.dk/nyheder/billedserier/billeder-indonesisk-vulkan-sender-glohed-aske-ned-ad-sine-bjergsider;https://www.facebook.com/DRNyheder/;22/05/16 18:15;23/05/16 17:55
http://www.dr.dk/nyheder/indland/10-aar-efter-nobels-fredspris-saadan-gaar-det-med-mikrolaanene-i-dag;https://www.facebook.com/DRNyheder/;17/05/16 08:55;18/05/16 05:25
http://www.dr.dk/nyheder/indland/3f-traekker-siemens-wind-power-i-retten;https://www.facebook.com/DRNyheder/;02/05/16 04:45;02/05/16 18:45
http://www.dr.dk/nyheder/indland/452-millioner-ligger-i-folkekirkens-kasse;https://www.facebook.com/DRNyheder/;19/05/16 05:05;19/05/16 17:05
http://www.dr.dk/nyheder/indland/aarhusiansk-teenager-tiltales-terrortrusler-paa-facebook;https://www.facebook.com/DRNyheder/;11/05/16 11:25;12/05/16 06:45
http://www.dr.dk/nyheder/indland/advarsel-fupmagere-snyder-nets-kunder;https://www.facebook.com/DRNyheder/;30/05/16 14:55;31/05/16 09:55
http://www.dr.dk/nyheder/indland/advokat-modtog-hademails-efter-omtalt-sag-det-gaar-over-mine-graenser;https://www.facebook.com/DRNyheder/;16/05/16 12:55;17/05/16 13:05
http://www.dr.dk/nyheder/indland/advokat-om-df-forslag-ulovligt-inddrage-permanente-opholdstilladelser;https://www.facebook.com/DRNyheder/;27/05/16 11:25;28/05/16 07:55
http://www.dr.dk/nyheder/indland/anklager-levakovics-boern-kan-besoege-ham-i-kroatien;https://www.facebook.com/DRNyheder/;02/05/16 10:35;03/05/16 08:45
http://www.dr.dk/nyheder/indland/ansatte-hos-vestas-er-blevet-syge-af-arbejde;https://www.facebook.com/DRNyheder/;17/05/16 15:15;18/05/16 13:45
http://www.dr.dk/nyheder/indland/antallet-af-grove-sager-om-dyremishandling-stiger;https://www.facebook.com/DRNyheder/;23/05/16 15:35;24/05/16 14:15
http://www.dr.dk/nyheder/indland/anton-og-emilie-trodser-handikap-vi-er-lidt-pisseseje;https://www.facebook.com/DRNyheder/;07/05/16 08:35;08/05/16 12:55
http://www.dr.dk/nyheder/indland/arbejdstilsynet-siemens-wind-power-broed-loven-i-ond-tro;https://www.facebook.com/DRNyheder/;08/05/16 17:45;09/05/16 15:45
http://www.dr.dk/nyheder/indland/astma-eksem-og-bylder-moed-de-ansatte-der-er-blevet-syge-af-farlig-kemi-hos-siemens;https://www.facebook.com/DRNyheder/;02/05/16 07:25;03/05/16 05:35
http://www.dr.dk/nyheder/indland/ateisters-busannoncer-virkede-hundrede-danskere-melder-sig-dagligt-ud-af-folkekirken;https://www.facebook.com/DRNyheder/;11/05/16 15:25;12/05/16 10:35
http://www.dr.dk/nyheder/indland/bertel-haarder-kalder-udstilling-om-doede-terrorister-vanvittig;https://www.facebook.com/DRNyheder/;01/05/16 07:15;02/05/16 06:45
http://www.dr.dk/nyheder/indland/betjent-tiltales-lade-indsat-foelge-sit-barns-foedsel;https://www.facebook.com/DRNyheder/;26/05/16 05:35;26/05/16 21:35
http://www.dr.dk/nyheder/indland/beviser-mod-dansk-nazist-er-forsvundet-fra-statens-arkiver;https://www.facebook.com/DRNyheder/;04/05/16 05:05;04/05/16 17:45
http://www.dr.dk/nyheder/indland/bill-gates-fond-donerer-halv-milliard-kvinder-taeller-saa-lad-os-taelle-dem;https://www.facebook.com/DRNyheder/;17/05/16 11:35;18/05/16 10:15
http://www.dr.dk/nyheder/indland/billedserie-65000-deltager-i-karneval-i-aalborg;https://www.facebook.com/DRNyheder/;28/05/16 13:15;29/05/16 15:55
http://www.dr.dk/nyheder/indland/biografer-slippes-fri-til-konkurrere-paa-billetpriser;https://www.facebook.com/DRNyheder/;25/05/16 13:35;26/05/16 12:25
http://www.dr.dk/nyheder/indland/boern-faar-boern-en-million-piger-under-15-aar-bliver-hvert-aar-moedre;https://www.facebook.com/DRNyheder/;17/05/16 05:15;17/05/16 18:25
http://www.dr.dk/nyheder/indland/christine-fra-homohelbredelsen-ingen-har-tvunget-mig-til-noget;https://www.facebook.com/DRNyheder/;12/05/16 09:15;12/05/16 21:25
http://www.dr.dk/nyheder/indland/danmarks-stoerste-sundhedsplatform-taget-i-brug;https://www.facebook.com/DRNyheder/;21/05/16 15:35;22/05/16 18:35
http://www.dr.dk/nyheder/indland/dansk-studie-folk-med-lidt-paa-sidebenene-lever-laengst;https://www.facebook.com/DRNyheder/;11/05/16 05:05;11/05/16 17:05
http://www.dr.dk/nyheder/indland/danske-strande-klarer-sig-flot-i-ny-eu-test-af-badevand;https://www.facebook.com/DRNyheder/;25/05/16 11:15;26/05/16 09:45
http://www.dr.dk/nyheder/indland/dmi-udsender-varsel-risiko-skybrud-soendag;https://www.facebook.com/DRNyheder/;21/05/16 05:45;22/05/16 06:55
http://www.dr.dk/nyheder/indland/dobbelt-saa-mange-overlever-et-hjertestop;https://www.facebook.com/DRNyheder/;30/05/16 09:25;31/05/16 05:25
http://www.dr.dk/nyheder/indland/dommere-fyrer-yahya-hassans-advokat-3;https://www.facebook.com/DRNyheder/;13/05/16 10:55;14/05/16 10:55
http://www.dr.dk/nyheder/indland/dorthe-frem-nafisa-ansatte-dropper-udenlandske-navne-i-telefonen;https://www.facebook.com/DRNyheder/;11/05/16 19:25;12/05/16 13:55
http://www.dr.dk/nyheder/indland/droner-skal-taeppebombe-utoej-med-mariehoens-og-rovmider;https://www.facebook.com/DRNyheder/;29/05/16 09:15;30/05/16 07:05
http://www.dr.dk/nyheder/indland/dronningen-dekorerer-embedsmaend-og-kunstnere-frem-erhvervslivets-top;https://www.facebook.com/DRNyheder/;05/05/16 10:25;06/05/16 12:45
http://www.dr.dk/nyheder/indland/dsb-beklager-undskyld-er-noget-man-siger-hvis-man-har-begaaet-en-bevidst-fejl;https://www.facebook.com/DRNyheder/;31/05/16 04:35;31/05/16 16:45
http://www.dr.dk/nyheder/indland/dsb-flopper-i-april-koerer-kun-til-tiden-paa-6-straekninger;https://www.facebook.com/DRNyheder/;21/05/16 11:15;22/05/16 11:15
http://www.dr.dk/nyheder/indland/dsb-til-togrejsende-forvent-laengere-rejsetid;https://www.facebook.com/DRNyheder/;05/05/16 07:35;06/05/16 09:35
http://www.dr.dk/nyheder/indland/efter-graensekontrol-mindst-46-har-forsoegt-gaa-til-sverige;https://www.facebook.com/DRNyheder/;02/05/16 18:15;03/05/16 15:25
http://www.dr.dk/nyheder/indland/ekspert-arbejdstilsynet-giver-misvisende-oplysninger-til-minister;https://www.facebook.com/DRNyheder/;27/05/16 04:25;27/05/16 15:25
http://www.dr.dk/nyheder/indland/ekspert-om-smaa-droner-de-er-ikke-farligere-end-saa-meget-andet-legetoej;https://www.facebook.com/DRNyheder/;05/05/16 07:15;06/05/16 09:05
http://www.dr.dk/nyheder/indland/ekspert-styrelse-vildleder-om-hpv-vaccine;https://www.facebook.com/DRNyheder/;30/05/16 06:05;30/05/16 19:05
http://www.dr.dk/nyheder/indland/eksperter-daarligt-stillede-kan-ikke-bare-vaelge-leve-sundt;https://www.facebook.com/DRNyheder/;23/05/16 10:45;24/05/16 08:45
http://www.dr.dk/nyheder/indland/ekspertgruppe-det-burde-vaere-strafbart-sige-inklusionsbarn;https://www.facebook.com/DRNyheder/;11/05/16 10:55;12/05/16 06:15
http://www.dr.dk/nyheder/indland/ekspertudvalg-drop-krav-om-inkludere-96-procent-af-skoleeleverne;https://www.facebook.com/DRNyheder/;10/05/16 20:55;11/05/16 15:45
http://www.dr.dk/nyheder/indland/en-person-er-blevet-skudt-i-koebenhavn;https://www.facebook.com/DRNyheder/;14/05/16 08:55;15/05/16 12:45
http://www.dr.dk/nyheder/indland/en-voldtaegt-skal-anmeldes-inden-72-timer-det-naar-hvert-tredje-offer-ikke;https://www.facebook.com/DRNyheder/;31/05/16 05:35;31/05/16 17:25
http://www.dr.dk/nyheder/indland/erhvervsskoler-med-paa-vognen-minister-tillader-studenterkoersel-alle;https://www.facebook.com/DRNyheder/;11/05/16 12:55;12/05/16 08:25
http://www.dr.dk/nyheder/indland/fagfolk-til-regeringen-demens-rammer-ogsaa-helt-ned-i-30-aars-alderen;https://www.facebook.com/DRNyheder/;09/05/16 04:45;09/05/16 17:25
http://www.dr.dk/nyheder/indland/fejl-i-anklageskrift-opgiver-anke-voldtaegtssag;https://www.facebook.com/DRNyheder/;18/05/16 13:55;19/05/16 09:05
http://www.dr.dk/nyheder/indland/fem-gode-raad-saadan-koeber-du-den-rigtige-drone;https://www.facebook.com/DRNyheder/;05/05/16 12:35;06/05/16 15:55
http://www.dr.dk/nyheder/indland/fisker-fik-et-kilo-ravklump-i-nettet;https://www.facebook.com/DRNyheder/;27/05/16 18:45;28/05/16 17:05
http://www.dr.dk/nyheder/indland/flere-sabbataar-hitter-igen-hos-studenter;https://www.facebook.com/DRNyheder/;26/05/16 11:25;27/05/16 08:15
http://www.dr.dk/nyheder/indland/flere-tusinder-doer-af-behandlingsfejl-i-danmark;https://www.facebook.com/DRNyheder/;29/05/16 06:45;30/05/16 04:55
http://www.dr.dk/nyheder/indland/flere-unge-kan-faa-mulighed-fedmeoperationer;https://www.facebook.com/DRNyheder/;24/05/16 05:55;25/05/16 04:35
http://www.dr.dk/nyheder/indland/flygtninge-far-med-storfamilie-mine-hustruer-maa-selv-soege-asyl;https://www.facebook.com/DRNyheder/;24/05/16 12:55;25/05/16 09:25
http://www.dr.dk/nyheder/indland/foerste-gang-i-13-aar-planeten-merkur-vandrer-hen-over-solskiven;https://www.facebook.com/DRNyheder/;09/05/16 05:05;09/05/16 17:55
http://www.dr.dk/nyheder/indland/foraarsvejr-giver-travlhed-i-storkerederne;https://www.facebook.com/DRNyheder/;21/05/16 19:55;23/05/16 04:55
http://www.dr.dk/nyheder/indland/fordobling-i-antal-boern-og-unge-der-faar-sovemedicin;https://www.facebook.com/DRNyheder/;06/05/16 09:45;07/05/16 09:35
http://www.dr.dk/nyheder/indland/forfatter-til-skjulte-penge-lukkede-pengeklubber-er-win-win-politikere-og;https://www.facebook.com/DRNyheder/;29/05/16 15:05;30/05/16 13:25
http://www.dr.dk/nyheder/indland/forliste-paa-oeresund-fire-asylansoegere-forsoegte-sejle-til-sverige;https://www.facebook.com/DRNyheder/;10/05/16 12:45;11/05/16 08:45
http://www.dr.dk/nyheder/indland/forslag-saet-bulldozere-ind-mod-motorvejskaos;https://www.facebook.com/DRNyheder/;23/05/16 05:25;24/05/16 04:45
http://www.dr.dk/nyheder/indland/forsvaret-holder-paa-hemmeligheden-om-mystisk-medalje;https://www.facebook.com/DRNyheder/;03/05/16 15:05;04/05/16 13:25
http://www.dr.dk/nyheder/indland/forvent-forsinkelser-togbusserne-fortsaetter-paa-fyn;https://www.facebook.com/DRNyheder/;16/05/16 18:45;17/05/16 16:15
http://www.dr.dk/nyheder/indland/fredspris-pioner-i-begyndelsen-grinede-de-af-mig-nu-kalder-de-mig-deres-moder;https://www.facebook.com/DRNyheder/;19/05/16 15:25;20/05/16 10:45
http://www.dr.dk/nyheder/indland/fusk-med-eksamensbeviser-politiet-sigter-stor-gruppe-studerende;https://www.facebook.com/DRNyheder/;25/05/16 07:15;26/05/16 04:55
http://www.dr.dk/nyheder/indland/gal-ko-skabte-panik-paa-legeplads;https://www.facebook.com/DRNyheder/;16/05/16 06:45;17/05/16 06:35
http://www.dr.dk/nyheder/indland/gaseksplosion-i-boligblok-fire-er-kommet-til-skade;https://www.facebook.com/DRNyheder/;20/05/16 04:55;20/05/16 17:05
http://www.dr.dk/nyheder/indland/grafik-det-vidste-du-maaske-ikke-om-1-maj;https://www.facebook.com/DRNyheder/;01/05/16 09:15;02/05/16 09:25
http://www.dr.dk/nyheder/indland/grafik-fra-foedder-til-vinger-hurtigst-og-billigst-fra-aarhus-til-koebenhavn;https://www.facebook.com/DRNyheder/;17/05/16 19:35;18/05/16 18:05
http://www.dr.dk/nyheder/indland/grafik-her-er-kongehusets-favoritter;https://www.facebook.com/DRNyheder/;05/05/16 15:35;06/05/16 18:55
http://www.dr.dk/nyheder/indland/grafik-her-har-kvinder-haft-magten;https://www.facebook.com/DRNyheder/;16/05/16 07:15;17/05/16 07:15
http://www.dr.dk/nyheder/indland/grafik-i-aalborg-oest-doer-de-lige-saa-tidligt-som-i-pakistan;https://www.facebook.com/DRNyheder/;23/05/16 06:05;24/05/16 05:15
http://www.dr.dk/nyheder/indland/grafik-trods-gentagne-flystyrt-fly-er-den-sikreste-rejseform;https://www.facebook.com/DRNyheder/;20/05/16 05:05;20/05/16 18:15
http://www.dr.dk/nyheder/indland/grevinde-alexandra-stopper-som-protektor-unicef;https://www.facebook.com/DRNyheder/;19/05/16 11:25;20/05/16 06:55
http://www.dr.dk/nyheder/indland/guide-saadan-undgaar-du-luftforurening-i-dit-hjem;https://www.facebook.com/DRNyheder/;05/05/16 08:35;06/05/16 10:35
http://www.dr.dk/nyheder/indland/hold-nu-til-hoejre-f;https://www.facebook.com/DRNyheder/;30/05/16 07:45;30/05/16 21:15
http://www.dr.dk/nyheder/indland/hukommelsen-svigtede-hos-genoplivet-patient-i-sygeplejerske-sagen;https://www.facebook.com/DRNyheder/;02/05/16 16:35;03/05/16 13:55
http://www.dr.dk/nyheder/indland/hvert-sjette-barn-faar-lussinger-og-bliver-rusket;https://www.facebook.com/DRNyheder/;31/05/16 07:25;31/05/16 19:15
http://www.dr.dk/nyheder/indland/i-dag-fejrer-danmark-100-aar-med-dyrevaernslov;https://www.facebook.com/DRNyheder/;23/05/16 10:25;24/05/16 08:15
http://www.dr.dk/nyheder/indland/i-teltlejren-i-thisted-venter-de-og-de-venter;https://www.facebook.com/DRNyheder/;26/05/16 19:05;27/05/16 14:25
http://www.dr.dk/nyheder/indland/illegale-indvandrere-lever-et-liv-under-radaren;https://www.facebook.com/DRNyheder/;15/05/16 09:35;16/05/16 11:45
http://www.dr.dk/nyheder/indland/it-kaos-rammer-kraeftpatienter-i-hele-hovedstaden;https://www.facebook.com/DRNyheder/;03/05/16 10:55;04/05/16 08:55
http://www.dr.dk/nyheder/indland/jacob-brugte-privat-vagtlaege-der-var-ingen-ventetid;https://www.facebook.com/DRNyheder/;30/05/16 12:55;31/05/16 08:25
http://www.dr.dk/nyheder/indland/jagten-paa-tricktyve-er-blaest-i-gang-politiet-advarer-mod-hjaelpsomme-svindlere;https://www.facebook.com/DRNyheder/;24/05/16 15:55;25/05/16 13:05
http://www.dr.dk/nyheder/indland/johanne-schmidt-stopper-som-politisk-ordfoerer;https://www.facebook.com/DRNyheder/;04/05/16 07:15;04/05/16 19:45
http://www.dr.dk/nyheder/indland/kaempeboede-til-dansker-skyde-truet-and-i-new-zealand;https://www.facebook.com/DRNyheder/;06/05/16 12:25;07/05/16 12:15
http://www.dr.dk/nyheder/indland/kaloriemaerkning-paa-fastfood-faar-os-til-spise-mindre;https://www.facebook.com/DRNyheder/;06/05/16 11:55;07/05/16 11:45
http://www.dr.dk/nyheder/indland/kampagne-skal-bekaempe-daarlig-stil-paa-jernhesten;https://www.facebook.com/DRNyheder/;17/05/16 07:55;18/05/16 04:25
http://www.dr.dk/nyheder/indland/katolske-caritas-afskaf-au-pair-ordningen;https://www.facebook.com/DRNyheder/;17/05/16 04:45;17/05/16 17:55
http://www.dr.dk/nyheder/indland/knivvold-i-koebenhavn-paa-det-hoejeste-niveau-i-fem-aar;https://www.facebook.com/DRNyheder/;02/05/16 05:45;02/05/16 19:45
http://www.dr.dk/nyheder/indland/koebenhavn-er-som-stoevsuget-andelsboliger;https://www.facebook.com/DRNyheder/;02/05/16 08:05;03/05/16 06:05
http://www.dr.dk/nyheder/indland/kongehuset-om-apanagen-vi-forventer-kun-aarpenge-til-prins-christian;https://www.facebook.com/DRNyheder/;30/05/16 20:15;31/05/16 14:55
http://www.dr.dk/nyheder/indland/kort-her-kan-du-komme-igennem-koebenhavn-under-maratonet;https://www.facebook.com/DRNyheder/;21/05/16 19:05;23/05/16 04:25
http://www.dr.dk/nyheder/indland/kvinde-afleverer-tre-haandgranater-politistation-lukker;https://www.facebook.com/DRNyheder/;17/05/16 16:55;18/05/16 15:25
http://www.dr.dk/nyheder/indland/kvinder-fra-hele-landet-faar-nyt-foedested-naar-de-ringer-ind-med-veer;https://www.facebook.com/DRNyheder/;14/05/16 07:15;15/05/16 11:15
http://www.dr.dk/nyheder/indland/laege-daarligt-stillede-boer-gaa-endnu-mere-til-laegen;https://www.facebook.com/DRNyheder/;23/05/16 06:55;24/05/16 06:15
http://www.dr.dk/nyheder/indland/laeger-oensker-dyr-hiv-behandling-indfoert-i-danmark;https://www.facebook.com/DRNyheder/;13/05/16 08:05;14/05/16 07:45
http://www.dr.dk/nyheder/indland/laererne-skrottet-maaltal-loeser-ikke-problemerne-med-inklusion;https://www.facebook.com/DRNyheder/;11/05/16 08:55;11/05/16 20:55
http://www.dr.dk/nyheder/indland/langtuddannede-diabetikere-faar-oftere-hjaelp-af-specialister;https://www.facebook.com/DRNyheder/;27/05/16 05:25;27/05/16 16:25
http://www.dr.dk/nyheder/indland/leicester-gav-pengene-1500-gange-igen-claus-vinder-112500-kroner;https://www.facebook.com/DRNyheder/;03/05/16 11:55;04/05/16 09:55
http://www.dr.dk/nyheder/indland/lejrchef-fra-asylcenter-fritstillet-efter-voldsom-video;https://www.facebook.com/DRNyheder/;14/05/16 06:45;15/05/16 10:35
http://www.dr.dk/nyheder/indland/levakovics-boern-efter-dom-tak-danmark;https://www.facebook.com/DRNyheder/;12/05/16 11:05;13/05/16 06:25
http://www.dr.dk/nyheder/indland/lokal-3f-formand-om-vestas-sag-det-er-ogsaa-farligt-traekke-vejret;https://www.facebook.com/DRNyheder/;18/05/16 12:25;19/05/16 06:55
http://www.dr.dk/nyheder/indland/major-om-antal-f-16-flyvetimer-danmark-har-hoejst-skud-tilbage-i-boessen;https://www.facebook.com/DRNyheder/;06/05/16 19:35;08/05/16 08:55
http://www.dr.dk/nyheder/indland/mand-med-ondt-i-ryggen-fanget-i-toppen-af-vindmoelle;https://www.facebook.com/DRNyheder/;24/05/16 12:25;25/05/16 09:05
http://www.dr.dk/nyheder/indland/mandlig-aktivist-barnebruds-historie-fik-mig-til-kaempe-kvinders-rettigheder#!/;https://www.facebook.com/DRNyheder/;15/05/16 11:55;16/05/16 13:45
http://www.dr.dk/nyheder/indland/medie-forsvundet-egyptisk-fly-er-styrtet-ned;https://www.facebook.com/DRNyheder/;19/05/16 07:05;19/05/16 19:25
http://www.dr.dk/nyheder/indland/medier-regeringen-indstiller-f-35-som-danmarks-naeste-kampfly;https://www.facebook.com/DRNyheder/;11/05/16 15:55;12/05/16 10:55
http://www.dr.dk/nyheder/indland/minister-er-klar-med-omdiskuteret-dyrevelfaerdsmaerke;https://www.facebook.com/DRNyheder/;10/05/16 08:25;11/05/16 05:25
http://www.dr.dk/nyheder/indland/ny-kampagne-tager-kampen-op-mod-motorvejens-store-draeber;https://www.facebook.com/DRNyheder/;02/05/16 06:55;03/05/16 05:05
http://www.dr.dk/nyheder/indland/nyrup-om-dong-vi-foraerer-goldman-sachs-knap-10-milliarder;https://www.facebook.com/DRNyheder/;26/05/16 17:35;27/05/16 12:55
http://www.dr.dk/nyheder/indland/overblik-de-her-togprojekter-vil-regeringen-droppe;https://www.facebook.com/DRNyheder/;19/05/16 08:45;20/05/16 04:45
http://www.dr.dk/nyheder/indland/paaroerende-til-forsvundne-kraenket-og-overfuset-af-amatoer-eftersoeger;https://www.facebook.com/DRNyheder/;19/05/16 13:05;20/05/16 08:05
http://www.dr.dk/nyheder/indland/patienter-faar-besked-om-alvorlige-diagnoser-paa-nettet;https://www.facebook.com/DRNyheder/;30/05/16 05:35;30/05/16 18:35
http://www.dr.dk/nyheder/indland/pissorer-vagter-og-skilte-skal-loese-tis-problemer-ved-maraton;https://www.facebook.com/DRNyheder/;22/05/16 05:15;23/05/16 05:55
http://www.dr.dk/nyheder/indland/politi-finder-211000-kroner-nedgravet-i-thy;https://www.facebook.com/DRNyheder/;16/05/16 17:35;17/05/16 15:35
http://www.dr.dk/nyheder/indland/politikere-der-maa-vaere-graenser-apanagen;https://www.facebook.com/DRNyheder/;29/05/16 11:15;30/05/16 09:15
http://www.dr.dk/nyheder/indland/post-danmark-indfoerer-et-quickbrev-til-27-kroner;https://www.facebook.com/DRNyheder/;31/05/16 13:35;01/06/16 07:25
http://www.dr.dk/nyheder/indland/private-sundhedstilbud-splitter-danskerne;https://www.facebook.com/DRNyheder/;30/05/16 07:05;30/05/16 20:25
http://www.dr.dk/nyheder/indland/private-sundhedsudbydere-myldrer-frem;https://www.facebook.com/DRNyheder/;29/05/16 13:35;30/05/16 11:55
http://www.dr.dk/nyheder/indland/regioner-mange-gule-taender-giver-roede-tal-paa-bundlinjen;https://www.facebook.com/DRNyheder/;13/05/16 09:15;14/05/16 08:45
http://www.dr.dk/nyheder/indland/rektor-min-underskrift-er-blevet-misbrugt-til-fusk;https://www.facebook.com/DRNyheder/;25/05/16 07:35;26/05/16 05:25
http://www.dr.dk/nyheder/indland/saa-pukkelhval-i-oeresund-vi-var-altsaa-lige-ved-give-os-til-graede;https://www.facebook.com/DRNyheder/;10/05/16 04:45;10/05/16 18:15
http://www.dr.dk/nyheder/indland/saadan-narrer-tricktyvene-dig-og-saadan-undgaar-du-blive-roevrendt;https://www.facebook.com/DRNyheder/;24/05/16 19:15;25/05/16 15:25
http://www.dr.dk/nyheder/indland/seriekriminelle-gimi-levakovic-faar-lov-blive-i-danmark;https://www.facebook.com/DRNyheder/;12/05/16 10:15;13/05/16 05:25
http://www.dr.dk/nyheder/indland/sexchikane-mobning-og-vold-her-er-de-mest-udsatte-brancher;https://www.facebook.com/DRNyheder/;26/05/16 16:15;27/05/16 12:05
http://www.dr.dk/nyheder/indland/signalproblemer-stopper-tog-paa-sjaelland;https://www.facebook.com/DRNyheder/;20/05/16 08:15;21/05/16 09:25
http://www.dr.dk/nyheder/indland/sladderen-stortrives-paa-jobbet;https://www.facebook.com/DRNyheder/;16/05/16 07:55;17/05/16 07:45
http://www.dr.dk/nyheder/indland/soeren-pind-boykotter-clement-efter-elbaek-interview;https://www.facebook.com/DRNyheder/;30/05/16 13:35;31/05/16 08:35
http://www.dr.dk/nyheder/indland/sporarbejde-paa-fyn-i-dag-ogsaa-togbusser-indsat;https://www.facebook.com/DRNyheder/;09/05/16 03:55;09/05/16 16:45
http://www.dr.dk/nyheder/indland/statsadvokat-anker-frifindelse-af-tre-unge-voldtaegt;https://www.facebook.com/DRNyheder/;02/05/16 12:15;03/05/16 10:15
http://www.dr.dk/nyheder/indland/stor-glaede-hos-laeger-uden-graenser-efter-millionindsamling;https://www.facebook.com/DRNyheder/;29/05/16 20:15;30/05/16 16:15
http://www.dr.dk/nyheder/indland/thomas-var-nynazist-i-15-aar-had-til-det-ukendte-drev-mig#!/00:45;https://www.facebook.com/DRNyheder/;12/05/16 07:35;12/05/16 18:35
http://www.dr.dk/nyheder/indland/tog-paa-fyn-koerer-tidligst-onsdag;https://www.facebook.com/DRNyheder/;17/05/16 10:05;18/05/16 06:25
http://www.dr.dk/nyheder/indland/troede-kvinde-var-gravid-med-hans-barn-slog-hende-i-maven-flere-gange;https://www.facebook.com/DRNyheder/;08/05/16 09:25;09/05/16 09:05
http://www.dr.dk/nyheder/indland/uligheden-i-sundhed-stiger-de-daarligst-stillede-doer-aar-tidligere;https://www.facebook.com/DRNyheder/;23/05/16 04:35;23/05/16 19:45
http://www.dr.dk/nyheder/indland/vaert-gennemfoerte-radioprogram-ifoert-niqab;https://www.facebook.com/DRNyheder/;08/05/16 16:55;09/05/16 14:35
http://www.dr.dk/nyheder/indland/video-anne-marie-var-til-aabent-hus-i-grimhoejmoskeen-jeg-vil-gerne-se-det-med-egne;https://www.facebook.com/DRNyheder/;22/05/16 13:45;23/05/16 15:25
http://www.dr.dk/nyheder/indland/video-asylansoegere-skal-vaere-selvforsynende;https://www.facebook.com/DRNyheder/;06/05/16 19:45;08/05/16 09:15
http://www.dr.dk/nyheder/indland/video-krasnik-til-kvinde-i-niqab-det-er-jo-ekstremt-distraherende;https://www.facebook.com/DRNyheder/;06/05/16 07:45;07/05/16 07:15
http://www.dr.dk/nyheder/indland/video-mary-laerer-om-heksekunster-i-burkina-faso-en-hovedloes-kylling-afgoer;https://www.facebook.com/DRNyheder/;01/05/16 21:25;02/05/16 18:05
http://www.dr.dk/nyheder/indland/video-saadan-faar-du-automatisk-besked-om-ny-post-i-din-e-boks;https://www.facebook.com/DRNyheder/;31/05/16 18:05;01/06/16 12:35
http://www.dr.dk/nyheder/indland/vuc-lyngby-smaekker-doerene-i-niqabklaedte-kvinder;https://www.facebook.com/DRNyheder/;04/05/16 10:35;05/05/16 08:25
http://www.dr.dk/nyheder/kultur/anbefalinger/akavet-sex-og-navlepilleri-5-grunde-til-girls-er-mere-end-en-serie;https://www.facebook.com/DRNyheder/;13/05/16 18:55;15/05/16 09:25
http://www.dr.dk/nyheder/kultur/anbefalinger/her-er-de-10-bedste-film-fra-80erne-ifoelge-jer;https://www.facebook.com/DRNyheder/;13/05/16 16:35;15/05/16 06:55
http://www.dr.dk/nyheder/kultur/anbefalinger/kom-saa-netflix-hbo-nordic-og-viaplay-7-serier-vi-burde-kunne-se;https://www.facebook.com/DRNyheder/;01/05/16 13:15;02/05/16 13:55
http://www.dr.dk/nyheder/kultur/anbefalinger/top-gun-fylder-30-aar-her-er-7-film-vi-ogsaa-elsker-firserne;https://www.facebook.com/DRNyheder/;12/05/16 19:15;13/05/16 16:25
http://www.dr.dk/nyheder/kultur/anbefalinger/vaert-paa-shitstorm-anbefaler-5-greatest-shits;https://www.facebook.com/DRNyheder/;26/05/16 18:05;27/05/16 13:25
http://www.dr.dk/nyheder/kultur/anbefalinger/vi-elsker-stadig-dirch-her-er-jeres-5-favoritfilm;https://www.facebook.com/DRNyheder/;18/05/16 20:15;19/05/16 14:55
http://www.dr.dk/nyheder/kultur/anbefalinger/video-nikolaj-coster-waldau-anbefaler-oerehaenger-rap-og-4-andre#!/00:48;https://www.facebook.com/DRNyheder/;09/05/16 21:05;10/05/16 17:05
http://www.dr.dk/nyheder/kultur/bill-cosby-forsvarer-sig-i-sag-om-voldtaegt-og-forgiftning;https://www.facebook.com/DRNyheder/;24/05/16 07:15;25/05/16 06:05
http://www.dr.dk/nyheder/kultur/boeger/skal-vi-fjerne-soeroeveren-omar-fra-de-danske-boerneboeger;https://www.facebook.com/DRNyheder/;10/05/16 15:35;11/05/16 10:45
http://www.dr.dk/nyheder/kultur/dansk-instruktoer-paa-vej-med-film-om-bjoern-borg-og-john-mcenroe;https://www.facebook.com/DRNyheder/;16/05/16 15:45;17/05/16 15:05
http://www.dr.dk/nyheder/kultur/dansk-kunstner-bygger-vandfald-ved-versailles-slottet;https://www.facebook.com/DRNyheder/;03/05/16 05:45;03/05/16 18:55
http://www.dr.dk/nyheder/kultur/den-kendte-danske-modedesigner-ivan-grundahl-er-doed;https://www.facebook.com/DRNyheder/;12/05/16 12:45;13/05/16 09:45
http://www.dr.dk/nyheder/kultur/disse-5-tendenser-har-skabt-moden-vi-kender-i-dag;https://www.facebook.com/DRNyheder/;12/05/16 14:05;13/05/16 10:45
http://www.dr.dk/nyheder/kultur/film/afgaaende-007-instruktoer-ny-james-bond-bliver-ikke-den-i-tror;https://www.facebook.com/DRNyheder/;30/05/16 20:55;31/05/16 15:55
http://www.dr.dk/nyheder/kultur/film/avis-eu-vil-tvinge-netflix-til-mere-europaeisk-indhold;https://www.facebook.com/DRNyheder/;19/05/16 16:25;20/05/16 11:45
http://www.dr.dk/nyheder/kultur/film/bliver-den-naeste-james-bond-en-kvinde;https://www.facebook.com/DRNyheder/;24/05/16 13:55;25/05/16 10:35
http://www.dr.dk/nyheder/kultur/film/cannes-2016-her-er-den-ultimative-filmguide-til-festivalen;https://www.facebook.com/DRNyheder/;11/05/16 18:45;12/05/16 12:35
http://www.dr.dk/nyheder/kultur/film/ken-loach-vinder-den-gyldne-palme-i-cannes;https://www.facebook.com/DRNyheder/;22/05/16 18:45;23/05/16 18:25
http://www.dr.dk/nyheder/kultur/film/marvel-aendrede-koen-paa-filmskurk-saelge-mere-legetoej;https://www.facebook.com/DRNyheder/;19/05/16 10:15;20/05/16 05:55
http://www.dr.dk/nyheder/kultur/film/tidslinje-skandaler-kendisser-krig-og-film-har-skabt-cannes-filmfestival;https://www.facebook.com/DRNyheder/;11/05/16 10:05;12/05/16 05:15
http://www.dr.dk/nyheder/kultur/flemming-rose-vinder-amerikansk-frihedspris;https://www.facebook.com/DRNyheder/;11/05/16 20:05;12/05/16 14:45
http://www.dr.dk/nyheder/kultur/historie/800-aar-gamle-sagaer-spraengfyldt-med-sex-kvindekraft-og-magi;https://www.facebook.com/DRNyheder/;08/05/16 10:25;09/05/16 10:05
http://www.dr.dk/nyheder/kultur/historie/danskere-droemmer-stort-forlystelsespark-om-vikinger-og-nordiske-guder-skal;https://www.facebook.com/DRNyheder/;22/05/16 12:25;23/05/16 14:25
http://www.dr.dk/nyheder/kultur/historie/draebt-i-verdenshistoriens-stoerste-soeslag-saadan-endte-britisk-matros-pa-0;https://www.facebook.com/DRNyheder/;31/05/16 10:35;01/06/16 04:35
http://www.dr.dk/nyheder/kultur/historie/her-er-6-laekre-ting-fra-middelalderen-som-stadig-holder-i-dag;https://www.facebook.com/DRNyheder/;15/05/16 11:25;16/05/16 13:15
http://www.dr.dk/nyheder/kultur/historie/hjemloese-laver-udstilling-om-deres-egen-historie;https://www.facebook.com/DRNyheder/;12/05/16 05:25;12/05/16 16:45
http://www.dr.dk/nyheder/kultur/historie/kvindekamp-engang-mente-man-kvinder-kunne-blive-sterile-af-laese;https://www.facebook.com/DRNyheder/;16/05/16 12:25;17/05/16 12:35
http://www.dr.dk/nyheder/kultur/historie/stor-international-tv-serie-om-vikinger-skal-optages-i-danmark;https://www.facebook.com/DRNyheder/;17/05/16 12:15;18/05/16 10:55
http://www.dr.dk/nyheder/kultur/historie/verdens-stoerste-faengselsmuseum-er-dansk-og-vil-skabe-debat-om-straf;https://www.facebook.com/DRNyheder/;29/05/16 10:45;30/05/16 08:25
http://www.dr.dk/nyheder/kultur/historie/video-raadne-aeg-og-floejtekoncerter-her-gik-det-galt-politikerne-paa-1-maj;https://www.facebook.com/DRNyheder/;01/05/16 11:55;02/05/16 12:35
http://www.dr.dk/nyheder/kultur/kongehuset-er-paa-facebook-og-instagram;https://www.facebook.com/DRNyheder/;31/05/16 10:55;01/06/16 05:05
http://www.dr.dk/nyheder/kultur/kunst/faerre-stoettekroner-faar-konsekvenser-koebenhavnske-teatre;https://www.facebook.com/DRNyheder/;17/05/16 20:35;18/05/16 19:05
http://www.dr.dk/nyheder/kultur/kunst/kunstner-bag-vagina-kajak-idoemt-boede-i-japan;https://www.facebook.com/DRNyheder/;10/05/16 11:25;11/05/16 07:45
http://www.dr.dk/nyheder/kultur/medier/bbc-indfoerer-koenskvote-men-det-kommer-ikke-til-ske-i-dr;https://www.facebook.com/DRNyheder/;13/05/16 17:45;15/05/16 08:25
http://www.dr.dk/nyheder/kultur/medier/ditte-haue-er-ny-vaert-paa-aftenshowet;https://www.facebook.com/DRNyheder/;10/05/16 10:55;11/05/16 07:15
http://www.dr.dk/nyheder/kultur/medier/kronprins-frederik-faar-ros-sit-billede-af-dronningen-paa-ny-instagram-profil;https://www.facebook.com/DRNyheder/;31/05/16 14:35;01/06/16 08:15
http://www.dr.dk/nyheder/kultur/medier/mediejurist-om-falsk-kronprins-historie-ingen-konsekvenser-uden-klagesag;https://www.facebook.com/DRNyheder/;27/05/16 20:15;29/05/16 07:05
http://www.dr.dk/nyheder/kultur/medier/nye-maend-i-gamle-biler-saadan-modtager-anmelderne-det-relancerede-top-gear;https://www.facebook.com/DRNyheder/;30/05/16 10:55;31/05/16 06:45
http://www.dr.dk/nyheder/kultur/medier/tidligere-gidsler-vinder-retssag-mod-ekstra-bladet;https://www.facebook.com/DRNyheder/;13/05/16 11:15;14/05/16 11:15
http://www.dr.dk/nyheder/kultur/medier/video-knud-foldschack-melder-bt-til-pressenaevnet-live-i-radioen;https://www.facebook.com/DRNyheder/;12/05/16 12:15;13/05/16 07:55
http://www.dr.dk/nyheder/kultur/medier/video-se-stjernefotografs-nye-portraetter-af-kongehuset;https://www.facebook.com/DRNyheder/;14/05/16 08:35;15/05/16 12:15
http://www.dr.dk/nyheder/kultur/musik/anmeldere-om-acdc-axl-rose-triumferer-som-ny-forsanger;https://www.facebook.com/DRNyheder/;09/05/16 10:35;10/05/16 06:35
http://www.dr.dk/nyheder/kultur/musik/beyonce-faar-kritik-producere-toej-under-slavelignende-forhold;https://www.facebook.com/DRNyheder/;17/05/16 16:25;18/05/16 14:55
http://www.dr.dk/nyheder/kultur/musik/moe-udgiver-single-med-justin-bieber-og-major-lazer;https://www.facebook.com/DRNyheder/;31/05/16 08:45;31/05/16 20:55
http://www.dr.dk/nyheder/kultur/musik/nyt-paa-aarets-festivaler-dronerne-kommer;https://www.facebook.com/DRNyheder/;12/05/16 14:55;13/05/16 11:35
http://www.dr.dk/nyheder/kultur/musik/pris-til-moe-og-christiania-troeje-paa-scenen-billboard-music-awards-danske;https://www.facebook.com/DRNyheder/;23/05/16 13:55;24/05/16 12:45
http://www.dr.dk/nyheder/kultur/musik/quiz-hvor-meget-ved-du-om-bob-dylan;https://www.facebook.com/DRNyheder/;24/05/16 17:45;25/05/16 14:25
http://www.dr.dk/nyheder/kultur/musik/victoria-becham-afsloerer-de-slukkede-min-mikrofon;https://www.facebook.com/DRNyheder/;07/05/16 13:25;09/05/16 04:35
http://www.dr.dk/nyheder/kultur/nu-maa-du-selv-vaelge-tv-udbyder;https://www.facebook.com/DRNyheder/;31/05/16 19:25;01/06/16 14:35
http://www.dr.dk/nyheder/kultur/tro/bertel-haarder-folkekirkens-millionoverskud-boer-give-lavere-kirkeskat;https://www.facebook.com/DRNyheder/;19/05/16 09:45;20/05/16 05:25
http://www.dr.dk/nyheder/kultur/tro/kristne-brokker-sig-over-fu-og-fan-i-medierne;https://www.facebook.com/DRNyheder/;27/05/16 07:35;27/05/16 18:35
http://www.dr.dk/nyheder/kultur/tro/video-dansk-satanist-hvis-jeg-har-lyst-til-slaa-dig-ihjel-og-spise-din-lever-saa;https://www.facebook.com/DRNyheder/;01/05/16 18:45;02/05/16 16:25
http://www.dr.dk/nyheder/kultur/tro/video-hans-wilhelm-er-i-tvivl-kan-man-som-praest-koere-bmw-med-store-faelge;https://www.facebook.com/DRNyheder/;05/05/16 16:05;06/05/16 19:25
http://www.dr.dk/nyheder/kultur/video-80er-mode-var-farvel-til-floejl-og-goddag-til-maerker;https://www.facebook.com/DRNyheder/;04/05/16 13:35;05/05/16 10:55
http://www.dr.dk/nyheder/kultur/video-nymphomaniac-stjerne-jeg-bliver-ikke-kun-castet-til-sex-scener;https://www.facebook.com/DRNyheder/;16/05/16 13:55;17/05/16 14:15
http://www.dr.dk/nyheder/live/live-bliver-levakovic-udvist-foelg-med-her-live;https://www.facebook.com/DRNyheder/;12/05/16 09:55;12/05/16 10:15
http://www.dr.dk/nyheder/live/livechat-har-vi-opdaget-liv-i-rummet;https://www.facebook.com/DRNyheder/;03/05/16 13:05;04/05/16 11:05
http://www.dr.dk/nyheder/penge/117-millioner-kodeord-til-linkedin-havnet-paa-nettet;https://www.facebook.com/DRNyheder/;19/05/16 10:55;20/05/16 06:25
http://www.dr.dk/nyheder/penge/arbejdsgivere-uden-oesteuropaeerne-ville-der-ikke-blive-gjort-rent-i-danmark;https://www.facebook.com/DRNyheder/;12/05/16 12:45;13/05/16 08:35
http://www.dr.dk/nyheder/penge/banker-lokker-utilfredse-realkreditkunder-med-endnu-billigere-boliglaan;https://www.facebook.com/DRNyheder/;27/05/16 12:35;28/05/16 09:25
http://www.dr.dk/nyheder/penge/bankerne-er-tilbage-paa-sporet-oprydningen-efter-finanskrisen-er-ved-vaere-ovre;https://www.facebook.com/DRNyheder/;20/05/16 11:55;21/05/16 13:35
http://www.dr.dk/nyheder/penge/dansk-studerende-offentliggoer-70000-brugere-af-datingsite;https://www.facebook.com/DRNyheder/;13/05/16 13:45;14/05/16 13:55
http://www.dr.dk/nyheder/penge/dansk-supermarked-lukker-ned-doegnnetto;https://www.facebook.com/DRNyheder/;10/05/16 06:55;10/05/16 21:15
http://www.dr.dk/nyheder/penge/danskerne-taber-stort-paa-klat-pensioner;https://www.facebook.com/DRNyheder/;10/05/16 06:05;10/05/16 20:25
http://www.dr.dk/nyheder/penge/dong-chef-kan-score-over-30-millioner-paa-boersnotering;https://www.facebook.com/DRNyheder/;26/05/16 12:35;27/05/16 09:05
http://www.dr.dk/nyheder/penge/dong-vi-er-mellem-835-og-1065-mia-kroner-vaerd;https://www.facebook.com/DRNyheder/;26/05/16 06:35;27/05/16 04:45
http://www.dr.dk/nyheder/penge/efterloensordningen-lider-en-stille-doed;https://www.facebook.com/DRNyheder/;13/05/16 15:55;15/05/16 06:25
http://www.dr.dk/nyheder/penge/faa-timer-tilbage-skat-glaeder-sig-til-faa-fingre-i-panamapapirer;https://www.facebook.com/DRNyheder/;09/05/16 12:15;10/05/16 07:55
http://www.dr.dk/nyheder/penge/facebook-beskyldes-manipulere-med-nyhederne;https://www.facebook.com/DRNyheder/;10/05/16 19:35;11/05/16 14:35
http://www.dr.dk/nyheder/penge/fadder-til-dong-gak-i-laaget-boersnotere-dong;https://www.facebook.com/DRNyheder/;27/05/16 19:45;29/05/16 06:35
http://www.dr.dk/nyheder/penge/faerre-rejsende-vaelger-dsb-paa-ture-over-storebaelt;https://www.facebook.com/DRNyheder/;15/05/16 07:35;16/05/16 09:35
http://www.dr.dk/nyheder/penge/femern-aflyser-danmarkshistoriens-stoerste-kontraktunderskrivelse;https://www.facebook.com/DRNyheder/;12/05/16 14:35;13/05/16 11:05
http://www.dr.dk/nyheder/penge/flere-tusinde-er-blevet-trukket-dobbelt-paa-dankortet;https://www.facebook.com/DRNyheder/;04/05/16 06:15;04/05/16 18:45
http://www.dr.dk/nyheder/penge/flybranchens-fraekke-dreng-slaar-flyverekord;https://www.facebook.com/DRNyheder/;23/05/16 09:05;24/05/16 07:45
http://www.dr.dk/nyheder/penge/forbrugerraad-11-ud-af-28-kaeder-tager-gebyr-undersoege-defekt-vare;https://www.facebook.com/DRNyheder/;17/05/16 14:25;18/05/16 12:45
http://www.dr.dk/nyheder/penge/forsker-det-ser-sort-ud-dansk-landbrug;https://www.facebook.com/DRNyheder/;20/05/16 06:35;21/05/16 07:15
http://www.dr.dk/nyheder/penge/fup-smser-fra-itunes-i-omloeb-pas-paa-misbrug-af-kontooplysninger;https://www.facebook.com/DRNyheder/;27/05/16 11:45;28/05/16 08:25
http://www.dr.dk/nyheder/penge/genmab-oejner-milliardsalg-kraeftmedicin-godkendt-i-europa;https://www.facebook.com/DRNyheder/;23/05/16 12:55;24/05/16 11:35
http://www.dr.dk/nyheder/penge/gipsplader-er-fulde-af-skimmelsvamp;https://www.facebook.com/DRNyheder/;25/05/16 09:35;26/05/16 08:05
http://www.dr.dk/nyheder/penge/hver-fjerde-kvinde-har-oplevet-chikane-paa-jobbet;https://www.facebook.com/DRNyheder/;26/05/16 07:05;27/05/16 05:15
http://www.dr.dk/nyheder/penge/imf-pas-paa-boligbobler-danmark;https://www.facebook.com/DRNyheder/;09/05/16 07:55;09/05/16 20:55
http://www.dr.dk/nyheder/penge/jensens-boefhus-fortryder-navnestrid-med-fiskerestaurant;https://www.facebook.com/DRNyheder/;06/05/16 13:35;07/05/16 13:15
http://www.dr.dk/nyheder/penge/konkursboelgen-fortsaetter-blandt-maelkeboender;https://www.facebook.com/DRNyheder/;17/05/16 06:05;17/05/16 19:25
http://www.dr.dk/nyheder/penge/kontant/ekspert-vaskemaskiner-er-bygget-til-holde-kortere-tid;https://www.facebook.com/DRNyheder/;26/05/16 09:55;27/05/16 06:55
http://www.dr.dk/nyheder/penge/landmand-har-hverken-raad-til-husleje-eller-loen-den-goer-av-nu;https://www.facebook.com/DRNyheder/;20/05/16 09:35;21/05/16 11:05
http://www.dr.dk/nyheder/penge/legos-vaabenkaploeb-legetoej-bliver-mere-vaabenfyldt-og-krigerisk;https://www.facebook.com/DRNyheder/;23/05/16 07:35;24/05/16 06:25
http://www.dr.dk/nyheder/penge/nets-vi-faar-dankort-paa-mobilen-sidst-i-oktober;https://www.facebook.com/DRNyheder/;17/05/16 11:05;18/05/16 09:55
http://www.dr.dk/nyheder/penge/nokia-vender-tilbage-til-mobilerne;https://www.facebook.com/DRNyheder/;18/05/16 13:25;19/05/16 08:35
http://www.dr.dk/nyheder/penge/oestre-landsret-stadfaester-dom-om-matchfixing;https://www.facebook.com/DRNyheder/;03/05/16 11:25;04/05/16 09:25
http://www.dr.dk/nyheder/penge/overvismand-flygtninge-belaster-dansk-oekonomi;https://www.facebook.com/DRNyheder/;31/05/16 13:15;01/06/16 06:55
http://www.dr.dk/nyheder/penge/realkredit-danmark-haever-bidragssatserne;https://www.facebook.com/DRNyheder/;24/05/16 07:55;25/05/16 06:35
http://www.dr.dk/nyheder/penge/saa-meget-stiger-dit-boliglaan;https://www.facebook.com/DRNyheder/;24/05/16 14:25;25/05/16 11:05
http://www.dr.dk/nyheder/penge/sejr-til-gaeldsramte-duegaarden-maa-erklaeres-konkurs;https://www.facebook.com/DRNyheder/;11/05/16 12:15;12/05/16 07:55
http://www.dr.dk/nyheder/penge/snydt-af-snedig-boligmanoevre-ejendomsinvestorer-koerer-lejere-ud-paa-et-sidespor;https://www.facebook.com/DRNyheder/;18/05/16 05:35;18/05/16 20:15
http://www.dr.dk/nyheder/penge/thulesen-om-dong-pris-det-lugter-langt-vaek;https://www.facebook.com/DRNyheder/;26/05/16 10:55;27/05/16 07:45
http://www.dr.dk/nyheder/penge/toejkaeden-hm-gentager-hypet-designsamarbejde;https://www.facebook.com/DRNyheder/;25/05/16 14:35;26/05/16 13:25
http://www.dr.dk/nyheder/penge/uber-traekker-omstridt-taxi-tjeneste-fra-sverige;https://www.facebook.com/DRNyheder/;11/05/16 09:15;11/05/16 21:15
http://www.dr.dk/nyheder/penge/undgaa-svindel-nu-faar-du-en-sms-kode-til-dankortet;https://www.facebook.com/DRNyheder/;03/05/16 09:55;04/05/16 07:55
http://www.dr.dk/nyheder/politik/17-aarige-maa-snart-koere-bil-hvis-en-erfaren-bilist-sidder-ved-siden-af;https://www.facebook.com/DRNyheder/;31/05/16 12:35;01/06/16 06:25
http://www.dr.dk/nyheder/politik/6-af-de-mest-omtalte-interviews-i-dansk-politik?utm_source=dlvr.it&utm_medium=twitter;https://www.facebook.com/DRNyheder/;30/05/16 18:15;31/05/16 13:05
http://www.dr.dk/nyheder/politik/65-millioner-kroner-mod-omskaering-abort-og-boerneaegteskaber;https://www.facebook.com/DRNyheder/;18/05/16 14:35;19/05/16 09:35
http://www.dr.dk/nyheder/politik/aarhus-dropper-plan-om-stormoske;https://www.facebook.com/DRNyheder/;26/05/16 04:25;26/05/16 18:25
http://www.dr.dk/nyheder/politik/alternativet-angribes-af-roede-partier-efter-aftale-om-krigsredegoerelse;https://www.facebook.com/DRNyheder/;25/05/16 15:35;26/05/16 14:25
http://www.dr.dk/nyheder/politik/alternativet-har-stadig-aabne-doere-partihoppere;https://www.facebook.com/DRNyheder/;28/05/16 14:05;29/05/16 17:55
http://www.dr.dk/nyheder/politik/anker-joergensens-underskrift-indgraveret-paa-gravstenen;https://www.facebook.com/DRNyheder/;21/05/16 10:05;22/05/16 10:15
http://www.dr.dk/nyheder/politik/blaa-blok-og-alternativet-indgaar-aftale-om-irak-dokumenter;https://www.facebook.com/DRNyheder/;25/05/16 13:15;26/05/16 11:45
http://www.dr.dk/nyheder/politik/blaa-blok-vil-straffe-pjaekkende-doemte-paa-ydelserne;https://www.facebook.com/DRNyheder/;04/05/16 11:15;05/05/16 08:45
http://www.dr.dk/nyheder/politik/borgmester-oensker-give-flygtninge-stemmeret-i-koebenhavn;https://www.facebook.com/DRNyheder/;26/05/16 06:15;27/05/16 04:15
http://www.dr.dk/nyheder/politik/brug-bistandsmidlerne-i-ulandene-og-mindre-paa-flygtninge-i-danmark;https://www.facebook.com/DRNyheder/;01/05/16 21:15;02/05/16 17:35
http://www.dr.dk/nyheder/politik/danmark-har-faaet-sin-foerste-lov-det-ydre-rum;https://www.facebook.com/DRNyheder/;03/05/16 16:55;04/05/16 15:05
http://www.dr.dk/nyheder/politik/danmark-sender-flere-soldater-til-afghanistan;https://www.facebook.com/DRNyheder/;10/05/16 16:05;11/05/16 11:15
http://www.dr.dk/nyheder/politik/danmark-stoetter-bekaempelsen-af-sult-med-630-millioner;https://www.facebook.com/DRNyheder/;23/05/16 19:55;24/05/16 17:35
http://www.dr.dk/nyheder/politik/danmarks-befolkning-vokser-langt-hurtigere-efter-flygtningestroem;https://www.facebook.com/DRNyheder/;27/05/16 05:55;27/05/16 16:55
http://www.dr.dk/nyheder/politik/danskernes-opbakning-til-karakterkrav-til-gymnasiet-daler;https://www.facebook.com/DRNyheder/;26/05/16 07:45;27/05/16 05:45
http://www.dr.dk/nyheder/politik/df-der-er-mange-muslimer-i-danmark;https://www.facebook.com/DRNyheder/;20/05/16 05:35;21/05/16 05:35
http://www.dr.dk/nyheder/politik/df-foreslaar-salg-af-peberspray-i-supermarkeder;https://www.facebook.com/DRNyheder/;24/05/16 04:55;24/05/16 19:05
http://www.dr.dk/nyheder/politik/df-pind-og-elbaek-boer-tage-en-tudekiks;https://www.facebook.com/DRNyheder/;30/05/16 16:25;31/05/16 11:35
http://www.dr.dk/nyheder/politik/df-udlaendinge-skal-tvinges-hjem;https://www.facebook.com/DRNyheder/;27/05/16 04:55;27/05/16 15:55
http://www.dr.dk/nyheder/politik/df-vi-skal-saenke-barren-hjemsendelser-af-udlaendinge;https://www.facebook.com/DRNyheder/;27/05/16 06:35;27/05/16 17:55
http://www.dr.dk/nyheder/politik/din-mening-er-politikerne-vattede-eller-er-journalisterne-grove;https://www.facebook.com/DRNyheder/;30/05/16 12:05;31/05/16 07:45
http://www.dr.dk/nyheder/politik/ekspert-udfasning-af-ic4-tog-vil-tage-5-10-aar;https://www.facebook.com/DRNyheder/;08/05/16 12:35;09/05/16 12:05
http://www.dr.dk/nyheder/politik/elbaek-rul-alle-udlaendingestramninger-tilbage;https://www.facebook.com/DRNyheder/;30/05/16 04:35;30/05/16 17:25
http://www.dr.dk/nyheder/politik/en-stemmesluger-med-iltert-temperament-traeder-af;https://www.facebook.com/DRNyheder/;04/05/16 14:35;05/05/16 11:45
http://www.dr.dk/nyheder/politik/enhedslisten-kraever-saerligt-maerke-hormonforstyrrende-stoffer;https://www.facebook.com/DRNyheder/;16/05/16 09:25;17/05/16 09:15
http://www.dr.dk/nyheder/politik/enhedslisten-stiller-selvstaendigt-op-til-naeste-eu-valg;https://www.facebook.com/DRNyheder/;15/05/16 13:25;16/05/16 17:25
http://www.dr.dk/nyheder/politik/enorme-momsudbetalinger-skaber-frygt-ny-milliardsvindel-i-skat;https://www.facebook.com/DRNyheder/;22/05/16 08:15;23/05/16 08:55
http://www.dr.dk/nyheder/politik/espersen-kofod-sviner-danmark-til-som-imamerne-under-muhammed-krisen;https://www.facebook.com/DRNyheder/;21/05/16 10:35;22/05/16 10:45
http://www.dr.dk/nyheder/politik/eu-generalsekretaer-messerschmidt-misbrugte-eu-midler;https://www.facebook.com/DRNyheder/;06/05/16 09:15;07/05/16 08:55
http://www.dr.dk/nyheder/politik/falske-voldtaegtsanklager-skal-straffes-haardere;https://www.facebook.com/DRNyheder/;26/05/16 08:45;27/05/16 06:05
http://www.dr.dk/nyheder/politik/finansministeren-bekraefter-regeringen-vil-haeve-skat-paa-arbejde;https://www.facebook.com/DRNyheder/;25/05/16 17:05;26/05/16 16:05
http://www.dr.dk/nyheder/politik/finansministeren-dansk-oekonomi-er-i-vaekst-men-det-gaar-langsomt;https://www.facebook.com/DRNyheder/;27/05/16 09:15;27/05/16 20:35
http://www.dr.dk/nyheder/politik/flere-sigtet-trusler-mod-politikeren-zenia-stampe;https://www.facebook.com/DRNyheder/;23/05/16 18:35;24/05/16 16:25
http://www.dr.dk/nyheder/politik/flertal-haever-straffen-voldtaegt-med-et-aar;https://www.facebook.com/DRNyheder/;26/05/16 13:05;27/05/16 09:25
http://www.dr.dk/nyheder/politik/flertal-presser-stoejberg-regler-taalt-ophold-skal-strammes;https://www.facebook.com/DRNyheder/;16/05/16 11:55;17/05/16 12:05
http://www.dr.dk/nyheder/politik/forligspartier-enige-togfonden-skal-staa-ved-magt;https://www.facebook.com/DRNyheder/;06/05/16 21:05;08/05/16 10:15
http://www.dr.dk/nyheder/politik/grundvand-alle-kommuner-ved-nu-hvor-der-skal-saettes-ind;https://www.facebook.com/DRNyheder/;07/05/16 12:55;09/05/16 03:35
http://www.dr.dk/nyheder/politik/jeppe-kofod-i-modvind-oversaetter-espersens-neger-til-nigger;https://www.facebook.com/DRNyheder/;19/05/16 15:05;20/05/16 10:25
http://www.dr.dk/nyheder/politik/jeppe-kofod-retter-nigger-tweet-espersen-sagde-neger-om-obama;https://www.facebook.com/DRNyheder/;24/05/16 06:35;25/05/16 05:35
http://www.dr.dk/nyheder/politik/jeppe-kofod-saa-maa-soeren-espersen-lade-vaere-med-rejse-til-usa;https://www.facebook.com/DRNyheder/;20/05/16 13:45;21/05/16 15:45
http://www.dr.dk/nyheder/politik/kontanthjaelpsloftet-og-integrationsydelsen-sender-7000-boern-under-tidligere;https://www.facebook.com/DRNyheder/;11/05/16 14:15;12/05/16 09:35
http://www.dr.dk/nyheder/politik/laveste-antal-asylsoegere-i-fem-aar;https://www.facebook.com/DRNyheder/;07/05/16 06:55;08/05/16 11:15
http://www.dr.dk/nyheder/politik/lo-pumper-stadig-millioner-ud-i-partistoette;https://www.facebook.com/DRNyheder/;28/05/16 07:35;29/05/16 09:05
http://www.dr.dk/nyheder/politik/loekke-aaben-haeve-bundskatten;https://www.facebook.com/DRNyheder/;24/05/16 15:25;25/05/16 12:05
http://www.dr.dk/nyheder/politik/loekke-foer-topmoede-vi-kan-ikke-tage-vores-velstand-givet;https://www.facebook.com/DRNyheder/;25/05/16 05:15;25/05/16 16:55
http://www.dr.dk/nyheder/politik/loekke-om-f35-de-skal-modvirke-krige-og-konflikter-rammer-os;https://www.facebook.com/DRNyheder/;12/05/16 08:35;12/05/16 19:55
http://www.dr.dk/nyheder/politik/lykketoft-angriber-regeringens-klimapolitik-fra-foregangsland-til-bagtrop;https://www.facebook.com/DRNyheder/;19/05/16 05:55;19/05/16 18:05
http://www.dr.dk/nyheder/politik/lykketoft-om-flygtningekonvention-den-afspejler-ikke-virkeligheden;https://www.facebook.com/DRNyheder/;01/05/16 15:15;02/05/16 15:15
http://www.dr.dk/nyheder/politik/maaling-venstre-haenger-fast-i-dyndet;https://www.facebook.com/DRNyheder/;28/05/16 13:45;29/05/16 16:55
http://www.dr.dk/nyheder/politik/minister-eu-boer-forbyde-mikroplast-i-cremer-og-bodyscrub;https://www.facebook.com/DRNyheder/;06/05/16 20:05;08/05/16 09:35
http://www.dr.dk/nyheder/politik/minister-fanoes-sushikok-skal-bare-sende-en-ny-ansoegning;https://www.facebook.com/DRNyheder/;18/05/16 17:15;19/05/16 12:15
http://www.dr.dk/nyheder/politik/minister-om-ulighed-i-sundhed-vi-skal-behandle-mennesker-forskelligt;https://www.facebook.com/DRNyheder/;24/05/16 04:25;24/05/16 18:25
http://www.dr.dk/nyheder/politik/minister-vil-hjaelpe-barnloese-tredobler-beloebet-aegdonation;https://www.facebook.com/DRNyheder/;18/05/16 18:15;19/05/16 13:05
http://www.dr.dk/nyheder/politik/ministre-til-borgmestre-religion-maa-ikke-spaerre-job;https://www.facebook.com/DRNyheder/;04/05/16 16:55;05/05/16 15:25
http://www.dr.dk/nyheder/politik/modtraek-til-df-kampagne-stormer-frem-paa-facebook;https://www.facebook.com/DRNyheder/;17/05/16 14:55;18/05/16 13:15
http://www.dr.dk/nyheder/politik/nu-vil-uffe-elbaek-ogsaa-vaere-statsminister;https://www.facebook.com/DRNyheder/;28/05/16 06:35;29/05/16 08:15
http://www.dr.dk/nyheder/politik/ny-aftale-politikere-haever-deres-egen-pensionsalder;https://www.facebook.com/DRNyheder/;09/05/16 08:05;10/05/16 03:55
http://www.dr.dk/nyheder/politik/omstridt-flygtningelov-faar-syrere-til-sagsoege-danmark;https://www.facebook.com/DRNyheder/;26/05/16 13:35;27/05/16 09:55
http://www.dr.dk/nyheder/politik/organisationer-ulandsbistand-er-ikke-til-asylansoegere;https://www.facebook.com/DRNyheder/;02/05/16 08:35;03/05/16 06:25
http://www.dr.dk/nyheder/politik/partier-stritter-imod-indrejseforbud-til-hadpraedikanter;https://www.facebook.com/DRNyheder/;18/05/16 05:55;18/05/16 20:35
http://www.dr.dk/nyheder/politik/pernille-skipper-anmeldes-udtalelser-om-voldtaegtssag;https://www.facebook.com/DRNyheder/;04/05/16 15:55;05/05/16 12:55
http://www.dr.dk/nyheder/politik/politisk-flertal-aabner-voldsdomme-paa-boerneattesten;https://www.facebook.com/DRNyheder/;15/05/16 17:25;17/05/16 05:05
http://www.dr.dk/nyheder/politik/politisk-flertal-saetter-ind-over-radikale-moskeer-og-friskoler;https://www.facebook.com/DRNyheder/;10/05/16 08:05;11/05/16 04:55
http://www.dr.dk/nyheder/politik/politisk-flertal-vil-have-loft-over-boernepenge;https://www.facebook.com/DRNyheder/;24/05/16 17:05;25/05/16 13:55
http://www.dr.dk/nyheder/politik/postaftale-paa-plads-breve-kan-nu-vaere-fem-dage-undervejs;https://www.facebook.com/DRNyheder/;03/05/16 06:35;04/05/16 04:55
http://www.dr.dk/nyheder/politik/presset-vokser-jeppe-kofods-tidligere-kredsformand-tager-afstand-fra-nigger-tweet;https://www.facebook.com/DRNyheder/;20/05/16 10:05;21/05/16 11:35
http://www.dr.dk/nyheder/politik/professor-derfor-bryder-vi-os-ikke-om-ordet-neger;https://www.facebook.com/DRNyheder/;18/05/16 16:15;19/05/16 11:15
http://www.dr.dk/nyheder/politik/r-goer-klar-til-nedlaegge-baade-vaernepligt-og-hjemmevaern;https://www.facebook.com/DRNyheder/;06/05/16 06:45;07/05/16 06:35
http://www.dr.dk/nyheder/politik/radikale-om-kampfly-lad-os-starte-med-20;https://www.facebook.com/DRNyheder/;30/05/16 20:35;31/05/16 15:25
http://www.dr.dk/nyheder/politik/regeringen-i-hastesamraad-efter-eu-brev-om-mulig-ulovlig-landsbrugspakke;https://www.facebook.com/DRNyheder/;10/05/16 05:05;10/05/16 18:25
http://www.dr.dk/nyheder/politik/regeringen-skrotter-omstridte-maaltal-inklusion;https://www.facebook.com/DRNyheder/;11/05/16 04:45;11/05/16 16:35
http://www.dr.dk/nyheder/politik/regeringen-vil-afvise-hadpraedikanter-ved-graensen;https://www.facebook.com/DRNyheder/;09/05/16 06:45;09/05/16 19:15
http://www.dr.dk/nyheder/politik/regeringen-vil-droppe-planer-om-kystnaere-vindmoeller;https://www.facebook.com/DRNyheder/;13/05/16 07:05;14/05/16 06:35
http://www.dr.dk/nyheder/politik/regeringen-vil-styrke-deleoekonomien;https://www.facebook.com/DRNyheder/;19/05/16 06:45;19/05/16 18:35
http://www.dr.dk/nyheder/politik/roede-partier-stoejberg-maa-forklare-om-voldelig-asylchef;https://www.facebook.com/DRNyheder/;14/05/16 14:05;16/05/16 06:35
http://www.dr.dk/nyheder/politik/s-profil-efter-omstridt-tweet-jeg-er-ked-af-det;https://www.facebook.com/DRNyheder/;21/05/16 06:45;22/05/16 07:35
http://www.dr.dk/nyheder/politik/s-til-kamp-mod-skattely-vil-skaerpe-straffen-skattesnyd-og-faelde-raadgivere-0;https://www.facebook.com/DRNyheder/;01/05/16 06:45;09/05/16 03:45
http://www.dr.dk/nyheder/politik/s-transkoennede-skal-slettes-fra-whos-sygdomsliste;https://www.facebook.com/DRNyheder/;12/05/16 06:25;12/05/16 17:45
http://www.dr.dk/nyheder/politik/sag-mod-soeren-espersen-efter-bombecitat-bliver-droppet;https://www.facebook.com/DRNyheder/;26/05/16 09:25;27/05/16 06:25
http://www.dr.dk/nyheder/politik/socialdemokratiet-oensker-maksimumsgraense-asylansoegere;https://www.facebook.com/DRNyheder/;22/05/16 07:05;23/05/16 07:25
http://www.dr.dk/nyheder/politik/soeren-espersen-aflyser-usa-tur-efter-kofods-nigger-tweet;https://www.facebook.com/DRNyheder/;20/05/16 12:45;21/05/16 14:35
http://www.dr.dk/nyheder/politik/stoejberg-vil-presse-eu-til-graensekontrol-i-op-til-aar;https://www.facebook.com/DRNyheder/;02/05/16 12:45;03/05/16 10:45
http://www.dr.dk/nyheder/politik/thulesen-dahl-vi-betaler-men-i-protest;https://www.facebook.com/DRNyheder/;10/05/16 06:45;10/05/16 20:45
http://www.dr.dk/nyheder/politik/tidligere-venstre-ministers-valgkampagne-broed-loven-om-partistoette;https://www.facebook.com/DRNyheder/;29/05/16 11:35;30/05/16 09:45
http://www.dr.dk/nyheder/politik/udenrigsminister-afviser-gransker-vil-ikke-oege-ulandsbistand;https://www.facebook.com/DRNyheder/;02/05/16 13:25;03/05/16 11:15
http://www.dr.dk/nyheder/politik/uffe-elbaek-er-persona-non-grata-paa-1-maj-fagbevaegelsen-mangler-humor;https://www.facebook.com/DRNyheder/;01/05/16 11:35;02/05/16 12:05
http://www.dr.dk/nyheder/politik/uffe-elbaek-vred-over-clement-interview-blev-vaek-fra-deadline;https://www.facebook.com/DRNyheder/;30/05/16 07:15;30/05/16 20:45
http://www.dr.dk/nyheder/politik/venstre-ja-vi-indskraenker-ytringsfriheden;https://www.facebook.com/DRNyheder/;20/05/16 14:25;21/05/16 18:55
http://www.dr.dk/nyheder/politik/venstre-varsler-skrappere-krav-til-udenlandske-studerende;https://www.facebook.com/DRNyheder/;21/05/16 13:45;22/05/16 15:55
http://www.dr.dk/nyheder/regionale/bornholm/mols-linien-skal-sejle-til-bornholm;https://www.facebook.com/DRNyheder/;10/05/16 13:45;11/05/16 09:35
http://www.dr.dk/nyheder/regionale/fyn/foedende-vicki-de-havde-ikke-plads-til-mig;https://www.facebook.com/DRNyheder/;09/05/16 05:55;09/05/16 18:45
http://www.dr.dk/nyheder/regionale/fyn/fuckfingre-og-opbremsninger-bilister-chikanerer-politiets-fotovogne;https://www.facebook.com/DRNyheder/;17/05/16 05:45;17/05/16 18:55
http://www.dr.dk/nyheder/regionale/fyn/fynbus-dropper-ikke-sprogkrav-vores-chauffoerer-skal-kunne-tale-dansk;https://www.facebook.com/DRNyheder/;03/05/16 08:55;04/05/16 07:05
http://www.dr.dk/nyheder/regionale/fyn/loris-underviser-flygtningeboern-hvis-de-kaemper-er-intet-umuligt;https://www.facebook.com/DRNyheder/;03/05/16 08:15;04/05/16 06:25
http://www.dr.dk/nyheder/regionale/fyn/mange-tjekker-ikke-e-posten-tilbage-til-papirbrevet;https://www.facebook.com/DRNyheder/;31/05/16 06:55;31/05/16 18:45
http://www.dr.dk/nyheder/regionale/fyn/martin-fik-gigt-og-loeb-60-kilometer;https://www.facebook.com/DRNyheder/;06/05/16 18:05;08/05/16 07:45
http://www.dr.dk/nyheder/regionale/fyn/peter-indtaler-folk-og-roevere-i-kardemommeby-til-sin-lille-datter;https://www.facebook.com/DRNyheder/;08/05/16 09:05;09/05/16 08:25
http://www.dr.dk/nyheder/regionale/fyn/politiet-laas-doeren-mens-du-er-i-haven;https://www.facebook.com/DRNyheder/;06/05/16 17:05;08/05/16 06:45
http://www.dr.dk/nyheder/regionale/fyn/politimand-om-chikane-kan-leve-med-dyt-og-fingeren;https://www.facebook.com/DRNyheder/;17/05/16 13:15;18/05/16 12:15
http://www.dr.dk/nyheder/regionale/hovedstadsomraadet/100-p-vagter-guider-koebenhavns-turister;https://www.facebook.com/DRNyheder/;24/05/16 05:25;24/05/16 19:55
http://www.dr.dk/nyheder/regionale/hovedstadsomraadet/blinde-marius-kunne-ikke-faa-fritidsjob-men-saa-aabnede-han;https://www.facebook.com/DRNyheder/;28/05/16 07:05;29/05/16 08:45
http://www.dr.dk/nyheder/regionale/hovedstadsomraadet/boernedagen-saetter-fokus-paa-anbragte-boern-karina-har-vaeret;https://www.facebook.com/DRNyheder/;06/05/16 10:15;07/05/16 10:05
http://www.dr.dk/nyheder/regionale/hovedstadsomraadet/elevformand-om-mobil-i-timerne-vi-keder-os;https://www.facebook.com/DRNyheder/;09/05/16 15:15;10/05/16 11:15
http://www.dr.dk/nyheder/regionale/hovedstadsomraadet/flere-skoler-siger-stop-pak-mobilerne-vaek;https://www.facebook.com/DRNyheder/;09/05/16 11:15;10/05/16 06:45
http://www.dr.dk/nyheder/regionale/hovedstadsomraadet/herlev-hospital-til-kraeftsyge-lene-vi-ved-ikke-hvornaar-vi-kan;https://www.facebook.com/DRNyheder/;18/05/16 04:35;18/05/16 19:35
http://www.dr.dk/nyheder/regionale/hovedstadsomraadet/kommune-skrald-paa-gaden-skal-give-boede;https://www.facebook.com/DRNyheder/;16/05/16 10:25;17/05/16 10:35
http://www.dr.dk/nyheder/regionale/hovedstadsomraadet/markant-fald-i-kriminalitet-i-udsatte-boligomraader;https://www.facebook.com/DRNyheder/;20/05/16 07:25;21/05/16 08:25
http://www.dr.dk/nyheder/regionale/hovedstadsomraadet/nummerplader-skal-advare-om-cyklende-turister;https://www.facebook.com/DRNyheder/;25/05/16 07:55;26/05/16 06:05
http://www.dr.dk/nyheder/regionale/hovedstadsomraadet/overborgmester-elafgift-er-absurd;https://www.facebook.com/DRNyheder/;11/05/16 09:45;12/05/16 04:45
http://www.dr.dk/nyheder/regionale/hovedstadsomraadet/overfaldsalarmer-paa-psykiatriske-hospitaler-er-gamle-slidte-og;https://www.facebook.com/DRNyheder/;13/05/16 12:15;14/05/16 12:25
http://www.dr.dk/nyheder/regionale/hovedstadsomraadet/taxachauffoerer-haenger-uber-chauffoerer-ud-paa-nettet;https://www.facebook.com/DRNyheder/;02/05/16 09:05;03/05/16 07:05
http://www.dr.dk/nyheder/regionale/hovedstadsomraadet/veninden-overlevede-aabent-kraniebrud-nu-bruger-jeg;https://www.facebook.com/DRNyheder/;31/05/16 07:55;31/05/16 19:45
http://www.dr.dk/nyheder/regionale/midtvest/din-brugte-ketchupflaske-kan-blive-til-diesel-til-din-bil;https://www.facebook.com/DRNyheder/;17/05/16 09:25;18/05/16 05:45
http://www.dr.dk/nyheder/regionale/midtvest/fire-garnnoegler-og-en-brille-tak;https://www.facebook.com/DRNyheder/;17/05/16 06:45;17/05/16 19:55
http://www.dr.dk/nyheder/regionale/midtvest/kjole-ole-fejrer-de-70-aar-med-karbonader-og-roedhaettekjole;https://www.facebook.com/DRNyheder/;31/05/16 05:05;31/05/16 17:05
http://www.dr.dk/nyheder/regionale/midtvest/koebmand-stopper-salg-af-lightergas-til-unge-under-18-aar;https://www.facebook.com/DRNyheder/;23/05/16 19:05;24/05/16 16:55
http://www.dr.dk/nyheder/regionale/midtvest/landmaend-meldt-til-politiet-ploeje-fredede-marker;https://www.facebook.com/DRNyheder/;26/05/16 11:55;27/05/16 08:35
http://www.dr.dk/nyheder/regionale/midtvest/landmand-giver-gratis-plaster-paa-saaret-gyllelugt;https://www.facebook.com/DRNyheder/;09/05/16 16:55;10/05/16 13:05
http://www.dr.dk/nyheder/regionale/midtvest/mange-senge-staar-tomme-i-danske-asyllejre;https://www.facebook.com/DRNyheder/;13/05/16 06:35;13/05/16 19:25
http://www.dr.dk/nyheder/regionale/midtvest/mikael-helmuth-voksede-op-med-skuespil-alkohol-og-familiekaos-saadan;https://www.facebook.com/DRNyheder/;07/05/16 10:15;08/05/16 14:55
http://www.dr.dk/nyheder/regionale/midtvest/syge-vestjyder-kan-faa-kultur-paa-recept;https://www.facebook.com/DRNyheder/;12/05/16 17:15;13/05/16 14:05
http://www.dr.dk/nyheder/regionale/nordjylland/53-millioner-kroner-fra-skat-lukker-daniels-konto;https://www.facebook.com/DRNyheder/;24/05/16 11:45;25/05/16 08:35
http://www.dr.dk/nyheder/regionale/nordjylland/copenhagen-pride-overvejer-start-i-jylland;https://www.facebook.com/DRNyheder/;21/05/16 08:35;22/05/16 09:05
http://www.dr.dk/nyheder/regionale/nordjylland/flere-maend-overlever-kraeft;https://www.facebook.com/DRNyheder/;09/05/16 10:15;10/05/16 05:55
http://www.dr.dk/nyheder/regionale/nordjylland/folketingsmedlem-vil-have-elektronisk-koerekort;https://www.facebook.com/DRNyheder/;22/05/16 07:45;23/05/16 07:55
http://www.dr.dk/nyheder/regionale/nordjylland/forening-afgifter-paa-e-cigaretter-er-en-katastrofe;https://www.facebook.com/DRNyheder/;11/05/16 07:25;11/05/16 19:15
http://www.dr.dk/nyheder/regionale/nordjylland/rapsolie-goer-indhug-hos-forhadt-kystfugl;https://www.facebook.com/DRNyheder/;25/05/16 16:35;26/05/16 15:25
http://www.dr.dk/nyheder/regionale/nordjylland/sussi-og-leo-laver-tv-julekalender;https://www.facebook.com/DRNyheder/;20/05/16 17:15;22/05/16 05:25
http://www.dr.dk/nyheder/regionale/oestjylland/19-aarig-faar-faengseldom-terror-opfordring-paa-facebook;https://www.facebook.com/DRNyheder/;23/05/16 11:15;24/05/16 09:25
http://www.dr.dk/nyheder/regionale/oestjylland/aarhus-slaar-venedig-som-rejsedestination;https://www.facebook.com/DRNyheder/;24/05/16 09:35;25/05/16 07:25
http://www.dr.dk/nyheder/regionale/oestjylland/denne-mand-kan-vaere-aarsag-til-solcelleordnings-aflivning;https://www.facebook.com/DRNyheder/;03/05/16 18:35;04/05/16 16:15
http://www.dr.dk/nyheder/regionale/oestjylland/elever-lavede-doedsliste-nu-er-sidste-skoledagsaktiviteter-aflyst;https://www.facebook.com/DRNyheder/;27/05/16 14:35;28/05/16 11:15
http://www.dr.dk/nyheder/regionale/oestjylland/et-lille-puf-hjaelper-paa-haandhygiejnen;https://www.facebook.com/DRNyheder/;07/05/16 06:45;08/05/16 10:45
http://www.dr.dk/nyheder/regionale/oestjylland/fik-skaaret-haanden-af-chiliplaster-doever-smerten;https://www.facebook.com/DRNyheder/;27/05/16 10:55;28/05/16 07:25
http://www.dr.dk/nyheder/regionale/oestjylland/kugledyner-og-gyngestole-til-demente-i-stedet-medicin;https://www.facebook.com/DRNyheder/;19/05/16 18:15;20/05/16 13:35
http://www.dr.dk/nyheder/regionale/oestjylland/laes-med-dit-barn-det-betaler-sig;https://www.facebook.com/DRNyheder/;10/05/16 17:45;11/05/16 12:45
http://www.dr.dk/nyheder/regionale/oestjylland/missing-people-oploeser-sig-selv-efter-kritik;https://www.facebook.com/DRNyheder/;23/05/16 08:05;24/05/16 07:05
http://www.dr.dk/nyheder/regionale/oestjylland/overlaege-multiresistente-bakterier-kraever-samme-fokus-som-terror;https://www.facebook.com/DRNyheder/;19/05/16 17:45;20/05/16 13:05
http://www.dr.dk/nyheder/regionale/oestjylland/professoren-med-nej-hatten-er-blevet-en-foredragsstjerne;https://www.facebook.com/DRNyheder/;31/05/16 06:05;31/05/16 17:55
http://www.dr.dk/nyheder/regionale/oestjylland/randers-vil-lade-affaldet-ligge-i-gaderne;https://www.facebook.com/DRNyheder/;23/05/16 12:15;24/05/16 10:45
http://www.dr.dk/nyheder/regionale/oestjylland/teknologi-ekspert-du-bliver-overvaaget-med-gratis-wi-fi;https://www.facebook.com/DRNyheder/;19/05/16 09:15;20/05/16 04:55
http://www.dr.dk/nyheder/regionale/sjaelland/faa-kvinder-bliver-borgmestre;https://www.facebook.com/DRNyheder/;17/05/16 07:25;17/05/16 20:25
http://www.dr.dk/nyheder/regionale/sjaelland/hoejsaeson-paakoersler-af-raavildt-saadan-skal-du-goere-hvis-uheldet-er;https://www.facebook.com/DRNyheder/;12/05/16 15:55;13/05/16 12:35
http://www.dr.dk/nyheder/regionale/sjaelland/hverdagsliv-skal-lokke-byboere-til-provinsen;https://www.facebook.com/DRNyheder/;27/05/16 08:45;27/05/16 20:05
http://www.dr.dk/nyheder/regionale/sjaelland/lokalpolitiker-alternativet-har-taget-mit-partis-navn;https://www.facebook.com/DRNyheder/;31/05/16 18:55;01/06/16 14:05
http://www.dr.dk/nyheder/regionale/sjaelland/mor-gymnasiet-giver-min-datter-stress;https://www.facebook.com/DRNyheder/;04/05/16 19:55;06/05/16 07:05
http://www.dr.dk/nyheder/regionale/sjaelland/offer-faerge-boelge-nu-vil-jeg-soege-erstatning;https://www.facebook.com/DRNyheder/;09/05/16 14:15;10/05/16 10:05
http://www.dr.dk/nyheder/regionale/sjaelland/pernille-fik-hjaelp-jeg-vidste-ikke-alkohol-ikke-var-normalt-i-de;https://www.facebook.com/DRNyheder/;18/05/16 16:45;19/05/16 11:45
http://www.dr.dk/nyheder/regionale/sjaelland/saadan-faar-du-en-god-sommerferie-med-deleboern;https://www.facebook.com/DRNyheder/;30/05/16 17:35;31/05/16 12:25
http://www.dr.dk/nyheder/regionale/syd/100-hjemmevaernsfolk-skal-tjekke-pas-ved-graensen;https://www.facebook.com/DRNyheder/;11/05/16 11:45;12/05/16 07:25
http://www.dr.dk/nyheder/regionale/syd/borgmester-raser-rigide-regler-kan-sende-kinesisk-familie-hjem;https://www.facebook.com/DRNyheder/;18/05/16 10:25;19/05/16 05:25
http://www.dr.dk/nyheder/regionale/syd/et-aar-efter-danmarks-stoerste-dyrevaernssag-uffe-har-faaet-et-godt-hjem;https://www.facebook.com/DRNyheder/;15/05/16 08:35;16/05/16 10:45
http://www.dr.dk/nyheder/regionale/syd/kineserne-stoevsuger-det-danske-ravmarked;https://www.facebook.com/DRNyheder/;08/05/16 06:55;09/05/16 06:35
http://www.dr.dk/nyheder/regionale/syd/kommune-vil-goere-kaelegrise-lovlige-i-byerne;https://www.facebook.com/DRNyheder/;09/05/16 19:55;10/05/16 16:35
http://www.dr.dk/nyheder/regionale/syd/museumsleder-vi-skal-saette-os-ind-i-hvordan-terrorister-taenker;https://www.facebook.com/DRNyheder/;05/05/16 09:25;06/05/16 11:45
http://www.dr.dk/nyheder/regionale/syd/politi-advarer-om-indbrudstyve-i-pinsen-gem-ipaden-og-ph-lamperne-vaek;https://www.facebook.com/DRNyheder/;14/05/16 11:25;15/05/16 14:55
http://www.dr.dk/nyheder/regionale/syd/skoleboern-holder-sig-paa-grund-af-uhumske-toiletter;https://www.facebook.com/DRNyheder/;30/05/16 10:35;31/05/16 06:15
http://www.dr.dk/nyheder/regionale/syd/turister-vil-gaa-i-dronningens-fodspor-efter-dr-serie;https://www.facebook.com/DRNyheder/;02/05/16 18:55;03/05/16 15:55
http://www.dr.dk/nyheder/regionale/syd/tyskerne-er-foerste-gang-med-til-soenderjysk-lysfest;https://www.facebook.com/DRNyheder/;02/05/16 14:45;03/05/16 12:25
http://www.dr.dk/nyheder/regionale/trekanten/bedemandsfirma-opfordrer-kolleger-til-skilte-med-priserne;https://www.facebook.com/DRNyheder/;29/05/16 16:05;30/05/16 13:55
http://www.dr.dk/nyheder/regionale/trekanten/demonstration-lad-vaere-med-tage-vores-penge;https://www.facebook.com/DRNyheder/;12/05/16 09:45;13/05/16 04:55
http://www.dr.dk/nyheder/regionale/trekanten/foraeldre-skal-saette-graenser-unges-drikkeri;https://www.facebook.com/DRNyheder/;26/05/16 08:15;26/05/16 10:25
http://www.dr.dk/nyheder/regionale/trekanten/gratis-parterapi-sparer-kommune-penge;https://www.facebook.com/DRNyheder/;04/05/16 20:55;06/05/16 08:05
http://www.dr.dk/nyheder/regionale/trekanten/kvier-paa-afveje-i-kolding-i-nat;https://www.facebook.com/DRNyheder/;15/05/16 08:05;16/05/16 10:15
http://www.dr.dk/nyheder/regionale/trekanten/mange-hjemmevaernsfolk-vil-arbejde-ved-graensen;https://www.facebook.com/DRNyheder/;20/05/16 12:25;21/05/16 14:15
http://www.dr.dk/nyheder/regionale/trekanten/mrsa-paa-foedeafdeling-i-kolding;https://www.facebook.com/DRNyheder/;10/05/16 10:15;11/05/16 06:45
http://www.dr.dk/nyheder/regionale/trekanten/rockstjerner-drikker-ogsaa-oekologisk-te;https://www.facebook.com/DRNyheder/;28/05/16 12:15;29/05/16 13:45
http://www.dr.dk/nyheder/regionale/trekanten/slut-med-koe-erhvervslivet-vil-have-seks-spor-paa-e45;https://www.facebook.com/DRNyheder/;10/05/16 08:55;11/05/16 05:55
http://www.dr.dk/nyheder/regionale/trekanten/syge-hjaelper-hinanden-paa-facebook;https://www.facebook.com/DRNyheder/;23/05/16 06:25;24/05/16 05:45
http://www.dr.dk/nyheder/udland/45-brandattentater-mod-tyske-asylboliger-siden-nytaar;https://www.facebook.com/DRNyheder/;16/05/16 13:25;17/05/16 13:45
http://www.dr.dk/nyheder/udland/5-vanvittige-mikrofonbroelere-fra-britney-til-bush;https://www.facebook.com/DRNyheder/;11/05/16 21:25;12/05/16 15:45
http://www.dr.dk/nyheder/udland/64-aarig-bankmedarbejder-faar-usas-foerste-penistransplantation;https://www.facebook.com/DRNyheder/;16/05/16 14:45;17/05/16 14:45
http://www.dr.dk/nyheder/udland/80-aarig-doed-efter-angreb-af-draegtig-ko-i-norge;https://www.facebook.com/DRNyheder/;22/05/16 08:45;23/05/16 10:15
http://www.dr.dk/nyheder/udland/alarm-europas-boern-bliver-federe-og-federe;https://www.facebook.com/DRNyheder/;31/05/16 14:15;01/06/16 07:55
http://www.dr.dk/nyheder/udland/amnesty-medicinalgigant-kan-give-doedsstoed-til-doedsstraf-i-usa;https://www.facebook.com/DRNyheder/;14/05/16 12:05;15/05/16 15:25
http://www.dr.dk/nyheder/udland/anders-fogh-om-nyt-job-krim-er-ikke-foersteprioritet;https://www.facebook.com/DRNyheder/;28/05/16 12:45;29/05/16 14:55
http://www.dr.dk/nyheder/udland/anders-fogh-rasmussen-bliver-raadgiver-ukrainsk-praesident;https://www.facebook.com/DRNyheder/;27/05/16 18:15;28/05/16 15:55
http://www.dr.dk/nyheder/udland/anklaget-66-aarig-kvinde-bag-elefantmassakre;https://www.facebook.com/DRNyheder/;09/05/16 09:45;10/05/16 05:25
http://www.dr.dk/nyheder/udland/arabiske-emirater-importerer-sand-milliarder;https://www.facebook.com/DRNyheder/;06/05/16 12:55;07/05/16 12:45
http://www.dr.dk/nyheder/udland/asiens-donald-trump-staar-til-blive-ny-praesident-i-filippinerne;https://www.facebook.com/DRNyheder/;09/05/16 07:25;09/05/16 19:45
http://www.dr.dk/nyheder/udland/australien-sletter-sig-selv-fra-fn-rapport-om-klimaaendringer;https://www.facebook.com/DRNyheder/;27/05/16 09:35;27/05/16 20:45
http://www.dr.dk/nyheder/udland/berlin-smaekker-doeren-i-udlejningsgiganten-airbnb;https://www.facebook.com/DRNyheder/;02/05/16 05:15;02/05/16 19:05
http://www.dr.dk/nyheder/udland/billeder-viser-vragrester-fra-egyptair-fly-men-aarsag-til-styrt-kendes-stadig-ikke;https://www.facebook.com/DRNyheder/;21/05/16 14:25;22/05/16 17:25
http://www.dr.dk/nyheder/udland/boligmangel-i-berlin-rammer-danske-ferielejligheder;https://www.facebook.com/DRNyheder/;06/05/16 08:45;07/05/16 08:25
http://www.dr.dk/nyheder/udland/britisk-politi-meget-vellignende-bombeattrap-er-spraengt-vaek;https://www.facebook.com/DRNyheder/;15/05/16 18:35;17/05/16 05:35
http://www.dr.dk/nyheder/udland/clinton-beder-obama-stoppe-norwegian-i-usa;https://www.facebook.com/DRNyheder/;22/05/16 20:05;23/05/16 18:55
http://www.dr.dk/nyheder/udland/drs-korrespondent-oestrigsk-praesidentvalg-er-et-protestvalg;https://www.facebook.com/DRNyheder/;21/05/16 20:25;23/05/16 05:15
http://www.dr.dk/nyheder/udland/egyptair-erkender-fejl-forsvundet-fly-ikke-lokaliseret;https://www.facebook.com/DRNyheder/;20/05/16 04:35;20/05/16 15:55
http://www.dr.dk/nyheder/udland/egypten-seks-doemt-til-doeden-spionage-mursis-sag-er-udsat;https://www.facebook.com/DRNyheder/;07/05/16 12:25;08/05/16 19:45
http://www.dr.dk/nyheder/udland/eksperter-derfor-siger-obama-ikke-undskyld-i-hiroshima;https://www.facebook.com/DRNyheder/;27/05/16 07:55;27/05/16 19:05
http://www.dr.dk/nyheder/udland/er-du-i-tvivl-om-trumps-politik-faa-overblikket-her;https://www.facebook.com/DRNyheder/;18/05/16 19:45;19/05/16 14:25
http://www.dr.dk/nyheder/udland/flygtningefamilie-fra-ikonisk-foto-er-vendt-tilbage-til-irak-efter-doedsfald;https://www.facebook.com/DRNyheder/;03/05/16 15:35;04/05/16 13:55
http://www.dr.dk/nyheder/udland/frankrig-bekraefter-roeg-i-kabinen-inden-styrt;https://www.facebook.com/DRNyheder/;21/05/16 09:05;22/05/16 09:35
http://www.dr.dk/nyheder/udland/gigantisk-daekbrand-sender-giftig-roeg-til-vejrs-naer-madrid;https://www.facebook.com/DRNyheder/;13/05/16 15:25;14/05/16 22:45
http://www.dr.dk/nyheder/udland/glem-frankrig-og-eu-briternes-koekken-er-et-verdenskoekken;https://www.facebook.com/DRNyheder/;28/05/16 10:25;29/05/16 11:55
http://www.dr.dk/nyheder/udland/grafik-her-vil-zika-virus-dukke-op-i-europa;https://www.facebook.com/DRNyheder/;18/05/16 20:45;19/05/16 15:45
http://www.dr.dk/nyheder/udland/halvdelen-af-svenskerne-vil-have-forbud-mod-tiggere;https://www.facebook.com/DRNyheder/;03/05/16 13:35;04/05/16 11:55
http://www.dr.dk/nyheder/udland/hollandsk-betjente-og-dyrlaeger-jager-intensivt-undslupne-tigre;https://www.facebook.com/DRNyheder/;14/05/16 12:35;15/05/16 17:15
http://www.dr.dk/nyheder/udland/internationalt-netvaerk-af-aeggeroevere-efterforskes;https://www.facebook.com/DRNyheder/;08/05/16 19:55;09/05/16 16:15
http://www.dr.dk/nyheder/udland/irakiske-styrker-stormer-bastion;https://www.facebook.com/DRNyheder/;30/05/16 08:35;31/05/16 04:55
http://www.dr.dk/nyheder/udland/iraks-premierminister-blaeser-kampen-om-falluja-i-gang;https://www.facebook.com/DRNyheder/;23/05/16 05:05;24/05/16 04:15
http://www.dr.dk/nyheder/udland/italien-giver-groent-lys-tillader-homoseksuelle-partnerskaber;https://www.facebook.com/DRNyheder/;12/05/16 04:55;12/05/16 16:15
http://www.dr.dk/nyheder/udland/kasich-traekker-sig-fra-republikansk-valgopgoer;https://www.facebook.com/DRNyheder/;04/05/16 16:25;05/05/16 14:05
http://www.dr.dk/nyheder/udland/kinas-rigeste-mand-erklaerer-krig-mod-disneyland;https://www.facebook.com/DRNyheder/;28/05/16 17:15;29/05/16 20:45
http://www.dr.dk/nyheder/udland/london-vaelger-ny-borgmester-efter-ualmindelig-beskidt-valgkamp;https://www.facebook.com/DRNyheder/;05/05/16 13:05;06/05/16 16:55
http://www.dr.dk/nyheder/udland/londons-nye-leder-angriber-cameron-racekonflikt;https://www.facebook.com/DRNyheder/;08/05/16 11:25;09/05/16 11:05
http://www.dr.dk/nyheder/udland/londons-tidligere-borgmester-sammenligner-eu-med-hitler;https://www.facebook.com/DRNyheder/;15/05/16 14:35;16/05/16 19:25
http://www.dr.dk/nyheder/udland/magasinet-vogue-fylder-100-med-hertuginde-kate-paa-forsiden;https://www.facebook.com/DRNyheder/;01/05/16 08:45;02/05/16 08:55
http://www.dr.dk/nyheder/udland/medie-trump-har-faaet-nok-delegerede-til-blive-praesidentkandidat;https://www.facebook.com/DRNyheder/;26/05/16 14:45;27/05/16 11:15
http://www.dr.dk/nyheder/udland/medier-mulige-vragdele-fra-forsvundet-fly-fundet-i-middelhavet;https://www.facebook.com/DRNyheder/;19/05/16 13:15;20/05/16 08:35
http://www.dr.dk/nyheder/udland/mentolforbuddet-bestaar-tobaksgiganter-taber-sag-i-eu;https://www.facebook.com/DRNyheder/;04/05/16 14:05;05/05/16 11:25
http://www.dr.dk/nyheder/udland/messerschmidt-skal-betale-eu-millioner-tilbage;https://www.facebook.com/DRNyheder/;09/05/16 18:25;10/05/16 14:45
http://www.dr.dk/nyheder/udland/minister-forkaster-vinderen-skibet-skal-ikke-hedde-boaty-mcboatface;https://www.facebook.com/DRNyheder/;06/05/16 15:35;07/05/16 20:05
http://www.dr.dk/nyheder/udland/mulig-sabotage-af-telemaster-skaber-uro-i-sverige;https://www.facebook.com/DRNyheder/;20/05/16 07:55;21/05/16 08:55
http://www.dr.dk/nyheder/udland/mystisk-fly-forsvinden-efterforskere-undersoeger-lufthavnsansatte-i-paris;https://www.facebook.com/DRNyheder/;20/05/16 07:05;21/05/16 07:45
http://www.dr.dk/nyheder/udland/new-york-drukner-i-plasticposer-nu-kommer-svaret;https://www.facebook.com/DRNyheder/;06/05/16 08:15;07/05/16 07:45
http://www.dr.dk/nyheder/udland/nu-skal-du-bruge-dine-gamle-svenske-pengesedler;https://www.facebook.com/DRNyheder/;15/05/16 12:55;16/05/16 15:35
http://www.dr.dk/nyheder/udland/obama-foretager-historisk-besoeg-i-hiroshima;https://www.facebook.com/DRNyheder/;10/05/16 13:15;11/05/16 09:05
http://www.dr.dk/nyheder/udland/oestrigsk-praesident-favorit-gaar-med-pistol-og-truer-med-fyre-regeringen;https://www.facebook.com/DRNyheder/;22/05/16 17:35;23/05/16 17:35
http://www.dr.dk/nyheder/udland/outsider-vinder-gyser-om-oestrigs-praesidentpost;https://www.facebook.com/DRNyheder/;23/05/16 18:05;24/05/16 15:45
http://www.dr.dk/nyheder/udland/overlevende-fra-forlis-i-middelhavet-kaptajn-skar-rebet-over-til-noedstedt-baad-mange;https://www.facebook.com/DRNyheder/;30/05/16 05:05;30/05/16 18:05
http://www.dr.dk/nyheder/udland/passagerfly-med-69-personer-om-bord-forsvundet-over-middelhavet;https://www.facebook.com/DRNyheder/;19/05/16 04:25;19/05/16 16:45
http://www.dr.dk/nyheder/udland/pave-frans-europa-er-selv-skyld-i-mislykket-integration;https://www.facebook.com/DRNyheder/;18/05/16 18:45;19/05/16 13:35
http://www.dr.dk/nyheder/udland/prince-soeskende-kan-arve-milliarder;https://www.facebook.com/DRNyheder/;02/05/16 19:55;03/05/16 17:15
http://www.dr.dk/nyheder/udland/senatet-har-talt-brasiliens-praesident-skal-rigsret;https://www.facebook.com/DRNyheder/;12/05/16 10:45;13/05/16 05:55
http://www.dr.dk/nyheder/udland/skoenhedsdronning-idoemt-faengsel-kraenke-erdogan;https://www.facebook.com/DRNyheder/;31/05/16 21:05;01/06/16 16:45
http://www.dr.dk/nyheder/udland/skudulykker-i-usa-smaaboern-har-skudt-mindst-23-mennesker-i-aar;https://www.facebook.com/DRNyheder/;02/05/16 11:15;03/05/16 09:15
http://www.dr.dk/nyheder/udland/stik-16000-kroner-lige-i-lommen-ogsaa-selvom-du-er-arbejdsloes;https://www.facebook.com/DRNyheder/;14/05/16 16:45;16/05/16 07:05
http://www.dr.dk/nyheder/udland/studie-finder-spor-fra-rotter-og-mennesker-i-burgere;https://www.facebook.com/DRNyheder/;12/05/16 20:05;13/05/16 16:45
http://www.dr.dk/nyheder/udland/superresistent-bakterie-fundet-i-foerste-amerikaner;https://www.facebook.com/DRNyheder/;27/05/16 07:05;27/05/16 18:05
http://www.dr.dk/nyheder/udland/taliban-bekraefter-vores-leder-er-blevet-draebt;https://www.facebook.com/DRNyheder/;22/05/16 06:35;23/05/16 06:45
http://www.dr.dk/nyheder/udland/ted-cruz-dropper-praesidentdroem-efter-klar-trump-sejr;https://www.facebook.com/DRNyheder/;04/05/16 04:15;04/05/16 17:15
http://www.dr.dk/nyheder/udland/terror-overfald-og-chikane-joeder-forlader-frankrig-i-stort-tal;https://www.facebook.com/DRNyheder/;23/05/16 11:45;24/05/16 10:15
http://www.dr.dk/nyheder/udland/terrorangreb-skraemmer-turister-vaek-fra-paris;https://www.facebook.com/DRNyheder/;30/05/16 17:05;31/05/16 11:55
http://www.dr.dk/nyheder/udland/theilgaard-saa-lynet-i-paris-det-flaengede-himlen;https://www.facebook.com/DRNyheder/;28/05/16 19:45;30/05/16 04:25
http://www.dr.dk/nyheder/udland/trump-anklager-bill-clinton-voldtaegt;https://www.facebook.com/DRNyheder/;19/05/16 16:55;20/05/16 12:15
http://www.dr.dk/nyheder/udland/trump-hiver-bill-clintons-utroskab-ind-i-valgkampen;https://www.facebook.com/DRNyheder/;07/05/16 11:55;08/05/16 17:35
http://www.dr.dk/nyheder/udland/trump-udpeger-klimabenaegter-som-sin-raadgiver;https://www.facebook.com/DRNyheder/;14/05/16 10:15;15/05/16 13:45
http://www.dr.dk/nyheder/udland/trusler-faar-lille-messi-og-hans-familie-til-flygte;https://www.facebook.com/DRNyheder/;03/05/16 12:35;04/05/16 10:25
http://www.dr.dk/nyheder/udland/tyredrab-forbudt-under-spansk-festival;https://www.facebook.com/DRNyheder/;20/05/16 06:05;21/05/16 06:35
http://www.dr.dk/nyheder/udland/tysk-pegidastifter-faar-boede-paa-71000-kroner-hadefulde-facebookopdateringer;https://www.facebook.com/DRNyheder/;04/05/16 05:35;04/05/16 18:15
http://www.dr.dk/nyheder/udland/usa-islamisk-stat-taber-terraen-i-irak-og-syrien;https://www.facebook.com/DRNyheder/;16/05/16 21:05;17/05/16 17:15
http://www.dr.dk/nyheder/udland/usa-sletter-ordet-negro-fra-amerikansk-lov;https://www.facebook.com/DRNyheder/;21/05/16 07:55;22/05/16 08:35
http://www.dr.dk/nyheder/udland/velkommen-til-pailin-mordernes;https://www.facebook.com/DRNyheder/;30/05/16 06:45;30/05/16 20:05
http://www.dr.dk/nyheder/udland/video-200-meter-langt-jordfaldshul-sluger-en-raekke-biler-i-firenze;https://www.facebook.com/DRNyheder/;25/05/16 12:15;26/05/16 11:15
http://www.dr.dk/nyheder/udland/video-amerikanske-lotterivindere-kom-sovende-til-milliardgevinst;https://www.facebook.com/DRNyheder/;15/05/16 15:05;16/05/16 20:55
http://www.dr.dk/nyheder/udland/video-landmaend-har-ventet-i-fem-aar-nu-bliver-foerste-ris-planter-sat-naer-fukushima#!/00:23;https://www.facebook.com/DRNyheder/;21/05/16 15:55;22/05/16 19:55
http://www.dr.dk/nyheder/udland/video-omstridt-lovforslag-foerer-til-haandgemaeng-blandt-tyrkiske-politikere#!/00:08;https://www.facebook.com/DRNyheder/;03/05/16 07:15;04/05/16 05:25
http://www.dr.dk/nyheder/udland/who-antallet-af-aborter-styrtdykker;https://www.facebook.com/DRNyheder/;12/05/16 08:05;12/05/16 19:05
http://www.dr.dk/nyheder/udland/zoo-skyder-180-kilo-tung-gorilla-med-lille-dreng-i-armene;https://www.facebook.com/DRNyheder/;29/05/16 08:05;30/05/16 06:15
http://www.dr.dk/nyheder/vejret/brugerbilleder-glimt-fra-aarets-foerste-sommerdag-0;https://www.facebook.com/DRNyheder/;09/05/16 08:35;10/05/16 04:35
http://www.dr.dk/nyheder/vejret/brugerbilleder-saa-blandet-var-vejret-i-pinsen;https://www.facebook.com/DRNyheder/;17/05/16 10:45;18/05/16 09:45
http://www.dr.dk/nyheder/vejret/brugerbilleder-taage-pakker-nuuk-og-thorshavn-ind;https://www.facebook.com/DRNyheder/;20/05/16 15:35;21/05/16 20:15
http://www.dr.dk/nyheder/vejret/danmark-slap-skybrud-det-sydlige-aarhus-fik-mest-regn;https://www.facebook.com/DRNyheder/;30/05/16 06:25;30/05/16 19:35
http://www.dr.dk/nyheder/vejret/det-er-ikke-kun-kalenderen-der-melder-om-foraar;https://www.facebook.com/DRNyheder/;01/05/16 10:05;02/05/16 10:25
http://www.dr.dk/nyheder/vejret/det-flotte-vejr-fortsaetter-langt-ind-i-kommende-uge;https://www.facebook.com/DRNyheder/;08/05/16 14:05;09/05/16 13:35
http://www.dr.dk/nyheder/vejret/det-varme-vejr-starter-graespollensaesonen;https://www.facebook.com/DRNyheder/;12/05/16 18:45;13/05/16 15:45
http://www.dr.dk/nyheder/vejret/dmi-afvarsler-risiko-skybrud;https://www.facebook.com/DRNyheder/;22/05/16 05:35;23/05/16 06:15
http://www.dr.dk/nyheder/vejret/dmi-opdaterer-risiko-skybrud-kan-ramme-i-hele-landet;https://www.facebook.com/DRNyheder/;29/05/16 19:45;30/05/16 15:45
http://www.dr.dk/nyheder/vejret/dmi-risiko-kraftig-regn-og-skybrud;https://www.facebook.com/DRNyheder/;29/05/16 07:15;30/05/16 05:25
http://www.dr.dk/nyheder/vejret/dmi-sommeren-bliver-haederlig-og-helt-normal;https://www.facebook.com/DRNyheder/;11/05/16 08:25;11/05/16 19:55
http://www.dr.dk/nyheder/vejret/drop-ferien-sydpaa-det-er-varmere-i-danmark;https://www.facebook.com/DRNyheder/;07/05/16 14:05;09/05/16 04:55
http://www.dr.dk/nyheder/vejret/efter-voldsomme-lynnedslag-i-europa-danmark-gaar-ustabilt-vejr-i-moede;https://www.facebook.com/DRNyheder/;29/05/16 12:35;30/05/16 10:45
http://www.dr.dk/nyheder/vejret/endelig-foraar-vi-faar-sol-og-op-til-17-grader;https://www.facebook.com/DRNyheder/;02/05/16 06:25;03/05/16 04:35
http://www.dr.dk/nyheder/vejret/endnu-en-lun-sommerdag-venter;https://www.facebook.com/DRNyheder/;09/05/16 05:35;09/05/16 18:15
http://www.dr.dk/nyheder/vejret/er-der-mere-sommer-forude;https://www.facebook.com/DRNyheder/;22/05/16 10:55;23/05/16 12:45
http://www.dr.dk/nyheder/vejret/fakta-saadan-var-de-tre-sidste-somre;https://www.facebook.com/DRNyheder/;11/05/16 19:45;12/05/16 14:25
http://www.dr.dk/nyheder/vejret/fra-12-til-26-grader-saa-store-bliver-forskellene-i-temperaturerne;https://www.facebook.com/DRNyheder/;25/05/16 06:45;25/05/16 18:55
http://www.dr.dk/nyheder/vejret/lokation/pyyh-hvor-bliver-det-varmt;https://www.facebook.com/DRNyheder/;28/05/16 10:05;29/05/16 11:25
http://www.dr.dk/nyheder/vejret/maj-lukker-med-en-hed-sommerdag-op-til-28-grader;https://www.facebook.com/DRNyheder/;31/05/16 06:25;31/05/16 18:25
http://www.dr.dk/nyheder/vejret/maj-slutter-maaske-med-en-minisommer;https://www.facebook.com/DRNyheder/;18/05/16 12:45;19/05/16 07:35
http://www.dr.dk/nyheder/vejret/saa-ulige-fordeler-varmen-sig-se-hvor-det-bliver-op-til-25-grader;https://www.facebook.com/DRNyheder/;24/05/16 06:25;25/05/16 05:05
http://www.dr.dk/nyheder/vejret/saa-vender-kulden-tilbage-her-bliver-det-koeligst;https://www.facebook.com/DRNyheder/;13/05/16 06:05;13/05/16 18:45
http://www.dr.dk/nyheder/vejret/skyerne-laegger-laag-paa-temperaturerne;https://www.facebook.com/DRNyheder/;27/05/16 06:15;27/05/16 17:25
http://www.dr.dk/nyheder/vejret/sol-og-sommervarme-til-de-fleste-men-et-skifte-er-paa-vej;https://www.facebook.com/DRNyheder/;11/05/16 06:55;11/05/16 18:55
http://www.dr.dk/nyheder/vejret/solen-spiller-hovedrollen-i-dag-og-resten-af-ugen;https://www.facebook.com/DRNyheder/;04/05/16 08:35;05/05/16 06:35
http://www.dr.dk/nyheder/vejret/solrig-fredagvi-kan-faa-op-til-20-grader;https://www.facebook.com/DRNyheder/;06/05/16 06:15;06/05/16 20:55
http://www.dr.dk/nyheder/vejret/vejr-vide-nyd-sommerdagene-vejrlussing-slaar-haardt-paa-loerdag;https://www.facebook.com/DRNyheder/;09/05/16 18:05;10/05/16 14:05
http://www.dr.dk/nyheder/vejret/vejret-roder-med-skyer-sol-og-regnbyger;https://www.facebook.com/DRNyheder/;19/05/16 07:45;19/05/16 20:05
http://www.dr.dk/nyheder/vejret/video-temperatursammenstoed-kan-give-skybrud-i-morgen-her-er-risikoen-stoerst;https://www.facebook.com/DRNyheder/;21/05/16 14:45;22/05/16 18:05
http://www.dr.dk/nyheder/vejret/weekenden-smager-af-sommer;https://www.facebook.com/DRNyheder/;06/05/16 11:15;07/05/16 11:05
http://www.dr.dk/nyheder/viden/fugle/storkene-fra-smedager-har-lagt-det-foerste-aeg#!/;https://www.facebook.com/DRNyheder/;03/05/16 16:05;04/05/16 14:25
http://www.dr.dk/nyheder/viden/fugle/video-drama-i-fuglereden-raev-jages-vaek-af-uglemor;https://www.facebook.com/DRNyheder/;04/05/16 09:05;05/05/16 07:05
http://www.dr.dk/nyheder/viden/geologer-finder-45-milliarder-aar-gammel-sten-fra-jordens-kerne;https://www.facebook.com/DRNyheder/;13/05/16 13:15;14/05/16 13:25
http://www.dr.dk/nyheder/viden/grafik-sort-prik-er-aarets-astronomiske-begivenhed;https://www.facebook.com/DRNyheder/;09/05/16 12:45;10/05/16 08:15
http://www.dr.dk/nyheder/viden/miljoe/billeder-se-det-isfri-groenland;https://www.facebook.com/DRNyheder/;29/05/16 10:15;30/05/16 07:55
http://www.dr.dk/nyheder/viden/miljoe/forskere-mindst-35-procent-af-verdens-stoerste-koralrev-er-doedt;https://www.facebook.com/DRNyheder/;31/05/16 16:25;01/06/16 10:35
http://www.dr.dk/nyheder/viden/miljoe/stigende-vandstand-drukner-fem-stillehavsoeer;https://www.facebook.com/DRNyheder/;09/05/16 16:25;10/05/16 12:35
http://www.dr.dk/nyheder/viden/miljoe/video-70-tigerhajer-aeder-pukkelhval;https://www.facebook.com/DRNyheder/;23/05/16 14:35;24/05/16 13:15
http://www.dr.dk/nyheder/viden/naturvidenskab/astronomer-spotter-13-mia-aar-gammel-ultra-svag-galakse;https://www.facebook.com/DRNyheder/;25/05/16 17:55;26/05/16 16:45
http://www.dr.dk/nyheder/viden/naturvidenskab/danmarks-astronaut-forfoelger-droemmen-skal-arbejde-hos-nasa;https://www.facebook.com/DRNyheder/;10/05/16 16:45;11/05/16 11:35
http://www.dr.dk/nyheder/viden/naturvidenskab/forskere-paa-sporet-af-giraffens-langstrakte-gener;https://www.facebook.com/DRNyheder/;17/05/16 15:45;18/05/16 14:25
http://www.dr.dk/nyheder/viden/naturvidenskab/hjaelp-forskere-med-forklare-objekter-omkring-mystisk-stjerne;https://www.facebook.com/DRNyheder/;22/05/16 16:05;23/05/16 15:55
http://www.dr.dk/nyheder/viden/naturvidenskab/ildelugtende-penis-blomst-overrasker-alle-blomstrer-sensationelt-igen;https://www.facebook.com/DRNyheder/;31/05/16 16:05;01/06/16 09:55
http://www.dr.dk/nyheder/viden/naturvidenskab/mars-blev-ramt-af-enorme-tsunamier-milliarder-af-aar-siden;https://www.facebook.com/DRNyheder/;19/05/16 19:35;20/05/16 14:55
http://www.dr.dk/nyheder/viden/naturvidenskab/mars-er-taettere-paa-jorden-i-nat-end-i-de-sidste-11-aar;https://www.facebook.com/DRNyheder/;30/05/16 21:25;31/05/16 16:15
http://www.dr.dk/nyheder/viden/naturvidenskab/nasa-finder-over-1200-nye-fremmede-planeter;https://www.facebook.com/DRNyheder/;10/05/16 18:35;11/05/16 14:05
http://www.dr.dk/nyheder/viden/naturvidenskab/neandertalere-byggede-mystiske-konstruktioner-i-fransk-hule;https://www.facebook.com/DRNyheder/;26/05/16 16:55;27/05/16 12:25
http://www.dr.dk/nyheder/viden/naturvidenskab/video-47-meter-lang-nasa-braendstoftank-koeres-igennem-los-angeles#!/00:13;https://www.facebook.com/DRNyheder/;22/05/16 11:55;23/05/16 13:45
http://www.dr.dk/nyheder/viden/naturvidenskab/video-foerste-komplette-kort-over-merkurs-hullede-overflade;https://www.facebook.com/DRNyheder/;10/05/16 12:05;11/05/16 08:15
http://www.dr.dk/nyheder/viden/naturvidenskab/video-hvor-forsvinder-fedtet-hen-naar-du-dyrker-motion;https://www.facebook.com/DRNyheder/;15/05/16 15:35;17/05/16 04:35
http://www.dr.dk/nyheder/viden/naturvidenskab/video-se-lynnedslag-i-ultra-slowmotion;https://www.facebook.com/DRNyheder/;26/05/16 14:05;27/05/16 10:25
http://www.dr.dk/nyheder/viden/ryler-samler-sig-i-kaempe-hvide-svaerme-over-danmark;https://www.facebook.com/DRNyheder/;05/05/16 11:55;06/05/16 15:25
http://www.dr.dk/nyheder/viden/tech/10-aarig-hacker-instagram-og-tjener-10000-dollars;https://www.facebook.com/DRNyheder/;04/05/16 18:25;06/05/16 04:55
http://www.dr.dk/nyheder/viden/tech/hundens-bedste-website;https://www.facebook.com/DRNyheder/;20/05/16 15:05;21/05/16 19:45
http://www.dr.dk/nyheder/viden/tech/kinesere-klar-med-billig-4k-drone;https://www.facebook.com/DRNyheder/;25/05/16 18:45;26/05/16 17:25
http://www.dr.dk/nyheder/viden/tech/nu-kan-du-proeve-en-kvantecomputer-i-din-browser;https://www.facebook.com/DRNyheder/;15/05/16 12:25;16/05/16 14:35
http://www.dr.dk/nyheder/viden/tech/robotterne-overtager-kinesernes-jobs;https://www.facebook.com/DRNyheder/;27/05/16 20:45;29/05/16 07:25
http://www.dr.dk/nyheder/viden/tech/sy-din-egen-smartphone-pose-og-beskyt-dig-mod-overvaagning;https://www.facebook.com/DRNyheder/;17/05/16 20:05;18/05/16 18:35
http://www.dr.dk/nyheder/viden/tech/verdens-foerste-3d-printede-kontorbygning-aabnet;https://www.facebook.com/DRNyheder/;24/05/16 16:35;25/05/16 13:25
http://www.dr.dk/nyheder/viden/tech/video-derfor-lugter-prutter;https://www.facebook.com/DRNyheder/;08/05/16 13:45;09/05/16 13:15
http://www.dr.dk/nyheder/viden/tech/video-origami-robot-fjerner-metal-fra-tarmen;https://www.facebook.com/DRNyheder/;14/05/16 13:05;15/05/16 18:25
http://www.dr.dk/nyheder/viden/tech/wikileaks-mand-hjaelper-flygtninge-i-sit-hackerspace;https://www.facebook.com/DRNyheder/;29/05/16 18:05;30/05/16 15:15
http://www.dr.dk/nyheder/webdok/airbnb;https://www.facebook.com/DRNyheder/;31/05/16 16:55;01/06/16 11:05
http://www.dr.dk/om-dr/nyheder/dr-indleder-optagelserne-til-ny-stor-dramaserie;https://www.facebook.com/DRNyheder/;31/05/16 12:05;01/06/16 05:55
http://www.dr.dk/om-dr/nyheder/ny-forskning-afsloerer-seernes-danske-favoritserier-og-grunden-til-de-elsker-dem;https://www.facebook.com/DRNyheder/;19/05/16 14:15;20/05/16 09:25
http://www.dr.dk/sporten/badminton/historisk-danmark-vinder-vm-titel;https://www.facebook.com/DRNyheder/;22/05/16 09:55;23/05/16 11:35
http://www.dr.dk/sporten/badminton/ramt-af-hjernebloedning-nu-melder-badmintonstjerne-sig-klar-til-ol-kamp;https://www.facebook.com/DRNyheder/;25/05/16 09:15;26/05/16 07:35
http://www.dr.dk/sporten/fodbold/england/far-schmeichel-er-stolt-over-soennens-mesterskab;https://www.facebook.com/DRNyheder/;03/05/16 04:45;03/05/16 17:55
http://www.dr.dk/sporten/fodbold/england/kamp-kamp-en-rejse-gennem-leicesters-mirakel-saeson;https://www.facebook.com/DRNyheder/;01/05/16 07:55;02/05/16 07:55
http://www.dr.dk/sporten/fodbold/england/video-leigh-satsede-tre-pund-paa-leicester-jeg-kan-ikke-sove;https://www.facebook.com/DRNyheder/;02/05/16 15:25;03/05/16 12:55
http://www.dr.dk/sporten/fodbold/frankrig/zlatan-forlader-sin-klub-med-et-overlegent-citat;https://www.facebook.com/DRNyheder/;13/05/16 10:25;14/05/16 10:05
http://www.dr.dk/sporten/fodbold/vm-statsloese-og-minoriteter-er-sparket-i-gang;https://www.facebook.com/DRNyheder/;29/05/16 20:55;30/05/16 16:55
http://www.dr.dk/sporten/ishockey/iskold-vm-triumf-danmark-tjekker-ind-i-kvartfinalen;https://www.facebook.com/DRNyheder/;17/05/16 12:45;18/05/16 12:05
http://www.dr.dk/sporten/top-100-de-stoerste-i-mesterligaens-historie;https://www.facebook.com/DRNyheder/;28/05/16 16:05;29/05/16 20:05
http://www.dr.dk/tvaers/artikler/tobias-sov-paa-gaden-og-vaagnede-op-paa-luksushotel;https://www.facebook.com/DRNyheder/;16/05/16 08:55;17/05/16 08:45
http://www.dr.dk/tvaers/artikler/vennerne-anmeldte-kristian-paedofili;https://www.facebook.com/DRNyheder/;30/05/16 08:05;31/05/16 04:25
;;;
;;;
;;;
;;;
;;;
;;;
;;;
;;;
;;;
;;;
;;;
;;;
;;;
;;;
;;;
;;;
;;;
;;;
;;;
;;;
;;;